name,category,type,price,Calories,Fat,Saturated Fat,Cholesterol,Sodium,Carbohydrate,Fiber,Sugar,Protein
Butter Chicken,Curries,Non-Veg,12.5,438.0,28.5,14.2,98.0,825.0,12.8,2.1,6.5,35.2
Dal Makhani,Lentil,Veg,8.75,315.0,18.2,9.5,35.0,645.0,28.5,9.8,3.2,12.8
Palak Paneer,Spinach,Veg,9.5,265.0,19.5,11.2,48.0,580.0,10.5,3.8,4.2,14.5
Chicken Biryani,Rice,Non-Veg,11.25,485.0,16.8,5.2,95.0,925.0,58.5,2.5,3.8,28.5
Masoor Dal,Lentil,Veg,6.5,225.0,7.5,1.2,0.0,485.0,28.5,11.5,2.1,14.2
Aloo Gobi,Cauliflower,Veg,7.25,185.0,8.5,1.5,0.0,425.0,24.5,5.2,4.8,4.5
Tandoori Chicken,Chicken,Non-Veg,13.5,295.0,12.5,3.8,125.0,685.0,5.2,1.2,2.5,38.5
Chole Bhature,Beans,Veg,8.9,625.0,28.5,5.8,0.0,825.0,78.5,12.5,6.5,18.5
Paneer Tikka Masala,Cheese,Veg,10.75,385.0,26.5,14.5,65.0,725.0,15.5,3.2,7.5,22.5
Rogan Josh,Lamb/Sheep,Non-Veg,14.95,425.0,24.5,9.5,115.0,785.0,12.5,2.8,5.2,38.5
Samosa,Lunch/Snacks,Veg,5.5,262.0,14.5,3.2,0.0,425.0,28.5,3.5,2.8,5.2
Idli,Breakfast,Veg,4.5,156.0,2.5,0.5,0.0,285.0,28.5,2.8,1.5,5.8
Dosa,Breakfast,Veg,5.75,168.0,3.8,0.8,0.0,325.0,28.5,2.2,1.8,5.5
Vada,Breakfast,Veg,4.25,185.0,8.5,1.5,0.0,385.0,22.5,4.2,2.1,6.5
Chicken Tikka,Chicken,Non-Veg,11.5,275.0,11.5,3.2,115.0,625.0,6.5,1.5,3.2,36.5
Rajma,Beans,Veg,7.5,285.0,8.5,1.8,0.0,525.0,38.5,11.5,4.2,14.5
Kadai Paneer,Cheese,Veg,10.25,325.0,23.5,12.8,58.0,685.0,12.5,3.5,6.5,18.5
Fish Curry,Curries,Non-Veg,13.75,285.0,14.5,6.5,85.0,725.0,10.5,2.5,4.5,28.5
Aloo Paratha,Breakfast,Veg,6.5,312.0,12.5,4.5,15.0,485.0,42.5,4.2,2.8,7.5
Pav Bhaji,Vegetable,Veg,7.95,385.0,16.5,7.2,28.0,825.0,48.5,6.5,8.5,9.5
Mutton Curry,Lamb/Sheep,Non-Veg,15.5,465.0,28.5,11.5,125.0,825.0,10.5,2.5,4.8,42.5
Gulab Jamun,Dessert,Veg,5.5,175.0,6.5,3.8,18.0,85.0,28.5,0.5,22.5,3.2
Rasgulla,Dessert,Veg,5.75,186.0,5.5,3.2,15.0,65.0,32.5,0.2,28.5,4.5
Kheer,Dessert,Veg,6.25,225.0,8.5,5.2,28.0,95.0,32.5,0.8,24.5,6.5
Poha,Breakfast,Veg,5.5,185.0,5.5,1.2,0.0,325.0,28.5,2.8,2.5,4.5
Upma,Breakfast,Veg,5.25,195.0,6.5,1.5,0.0,385.0,28.5,3.5,2.2,5.5
Malai Kofta,Vegetable,Veg,10.95,425.0,28.5,15.5,68.0,725.0,28.5,4.5,8.5,15.5
Bhindi Masala,Vegetable,Veg,7.75,165.0,9.5,1.8,0.0,425.0,16.5,5.5,4.2,3.8
Chicken Korma,Curries,Non-Veg,12.75,385.0,24.5,12.5,105.0,725.0,14.5,2.5,6.5,32.5
Baingan Bharta,Vegetable,Veg,7.5,175.0,10.5,2.2,0.0,425.0,16.5,6.5,7.5,3.5
Methi Paratha,Breads,Veg,6.25,285.0,10.5,3.8,12.0,425.0,38.5,4.5,2.5,8.5
Naan,Breads,Veg,3.5,262.0,5.5,2.8,15.0,485.0,45.5,2.2,3.5,8.5
Garlic Naan,Breads,Veg,4.25,285.0,7.5,3.5,18.0,525.0,45.5,2.5,3.8,9.2
Chapati,Breads,Veg,2.5,120.0,2.5,0.5,0.0,185.0,22.5,3.2,0.8,3.5
Pulao,Rice,Veg,8.5,325.0,10.5,4.2,18.0,525.0,48.5,2.8,3.5,8.5
Jeera Rice,Rice,Veg,6.75,285.0,8.5,3.5,15.0,385.0,45.5,1.8,0.5,5.5
Matar Paneer,Cheese,Veg,9.75,295.0,18.5,10.5,48.0,625.0,18.5,5.5,8.5,16.5
Pani Puri,Lunch/Snacks,Veg,5.25,165.0,4.5,0.8,0.0,425.0,28.5,2.5,5.5,4.2
Dhokla,Breakfast,Veg,5.5,155.0,4.5,1.2,0.0,385.0,24.5,3.5,4.2,5.5
Kachori,Lunch/Snacks,Veg,5.75,285.0,15.5,3.5,0.0,485.0,32.5,4.5,2.8,6.5
Pakora,Lunch/Snacks,Veg,5.5,225.0,12.5,2.5,0.0,425.0,22.5,3.2,2.5,5.5
Chicken Vindaloo,Curries,Non-Veg,13.25,365.0,18.5,5.5,115.0,825.0,12.5,2.8,5.5,36.5
Prawn Curry,Curries,Non-Veg,15.75,285.0,14.5,7.5,195.0,825.0,10.5,2.2,4.5,28.5
Egg Curry,Breakfast,Non-Veg,8.5,265.0,18.5,6.5,385.0,625.0,10.5,2.5,5.2,16.5
Chicken Chettinad,Curries,Non-Veg,13.5,385.0,22.5,7.5,115.0,725.0,12.5,3.5,4.5,35.5
Aloo Tikki,Lunch/Snacks,Veg,5.25,185.0,8.5,1.5,0.0,425.0,24.5,3.2,2.5,3.8
Jalebi,Dessert,Veg,5.5,295.0,12.5,6.5,15.0,85.0,42.5,0.5,35.5,3.2
Lassi,Beverages,Veg,4.75,165.0,5.5,3.5,22.0,125.0,22.5,0.2,18.5,6.5
Masala Chai,Beverages,Veg,3.5,85.0,3.5,2.2,12.0,65.0,10.5,0.5,8.5,2.5
Kathi Roll,Lunch/Snacks,Non-Veg,8.75,385.0,16.5,4.5,85.0,725.0,38.5,3.5,4.5,22.5
Momos,Lunch/Snacks,Non-Veg,7.5,265.0,10.5,3.5,65.0,625.0,28.5,2.5,2.8,15.5
Tandoori Roti,Breads,Veg,2.75,125.0,2.2,0.5,0.0,185.0,23.5,3.5,0.8,4.2
Paratha,Breads,Veg,3.75,285.0,12.5,5.2,18.0,385.0,35.5,3.2,2.5,6.5
Dal Tadka,Lentil,Veg,7.25,185.0,8.5,2.2,8.0,485.0,22.5,8.5,2.5,10.5
Vegetable Biryani,Rice,Veg,9.5,385.0,12.5,4.5,15.0,725.0,58.5,5.5,5.5,10.5
Shahi Paneer,Cheese,Veg,11.25,425.0,30.5,17.5,75.0,625.0,18.5,2.8,9.5,20.5
Chana Masala,Beans,Veg,7.75,265.0,10.5,2.5,0.0,625.0,32.5,10.5,6.5,12.5
Paneer Butter Masala,Cheese,Veg,10.95,385.0,28.5,16.5,72.0,725.0,16.5,3.2,8.5,18.5
Chicken Kebab,Chicken,Non-Veg,11.75,285.0,14.5,4.5,115.0,625.0,8.5,2.2,3.5,32.5
Seekh Kebab,Lamb/Sheep,Non-Veg,13.5,325.0,20.5,7.5,95.0,725.0,6.5,1.5,2.5,28.5
Rasmalai,Dessert,Veg,6.75,265.0,12.5,7.5,42.0,95.0,32.5,0.5,26.5,8.5
Gajar Halwa,Dessert,Veg,6.5,325.0,16.5,9.5,48.0,125.0,38.5,3.5,28.5,6.5
Barfi,Dessert,Veg,5.75,245.0,11.5,6.5,35.0,95.0,28.5,1.2,22.5,6.5
Mysore Pak,Dessert,Veg,6.25,425.0,24.5,14.5,42.0,85.0,45.5,0.8,38.5,5.5
Ras Malai,Dessert,Veg,6.95,285.0,14.5,8.5,48.0,105.0,32.5,0.5,26.5,8.5
Bhatura,Breads,Veg,4.5,385.0,18.5,4.5,0.0,425.0,48.5,2.5,3.5,8.5
Puri,Breads,Veg,3.5,285.0,15.5,3.5,0.0,325.0,32.5,2.2,1.5,5.5
Misal Pav,Beans,Veg,7.95,385.0,14.5,3.5,0.0,825.0,48.5,10.5,6.5,15.5
Veg Hakka Noodles,Lunch/Snacks,Veg,8.5,325.0,10.5,2.5,0.0,825.0,48.5,4.5,5.5,9.5
Chicken Manchurian,Chinese,Non-Veg,11.5,385.0,18.5,4.5,95.0,1125.0,28.5,2.8,12.5,28.5
Gobi Manchurian,Chinese,Veg,8.75,285.0,14.5,3.2,0.0,925.0,32.5,4.5,10.5,6.5
Pongal,Breakfast,Veg,6.25,265.0,8.5,3.5,15.0,425.0,38.5,3.5,2.5,8.5
Uttapam,Breakfast,Veg,6.5,185.0,4.5,1.2,0.0,385.0,28.5,3.2,3.5,6.5
Rava Dosa,Breakfast,Veg,6.25,175.0,4.5,1.2,0.0,325.0,28.5,2.5,2.2,5.5
Masala Dosa,Breakfast,Veg,7.5,285.0,8.5,2.2,0.0,525.0,42.5,4.5,3.5,8.5
Rava Idli,Breakfast,Veg,5.5,165.0,4.5,1.5,0.0,325.0,26.5,2.2,2.2,5.2
Aloo Bonda,Lunch/Snacks,Veg,5.25,195.0,9.5,2.2,0.0,425.0,24.5,3.2,2.8,4.5
Medu Vada,Breakfast,Veg,5.5,205.0,10.5,2.5,0.0,425.0,22.5,4.5,2.2,7.5
Boondi Raita,Sauces,Veg,4.5,125.0,6.5,3.8,22.0,285.0,12.5,1.5,8.5,4.5
Cucumber Raita,Sauces,Veg,4.25,85.0,4.5,2.8,18.0,225.0,8.5,1.2,6.5,3.5
Onion Raita,Sauces,Veg,4.25,95.0,5.5,3.2,18.0,245.0,9.5,1.5,6.8,3.8
Mixed Vegetable Raita,Sauces,Veg,5.5,115.0,6.5,3.8,22.0,285.0,11.5,2.2,7.5,4.5
Pyaaz Ki Kachori,Lunch/Snacks,Veg,5.75,295.0,16.5,3.8,0.0,525.0,32.5,4.2,3.2,6.5
Pani Puri Water,Beverages,Veg,3.5,45.0,0.5,0.1,0.0,325.0,9.5,1.8,4.5,1.2
Bhel Puri,Lunch/Snacks,Veg,6.5,215.0,6.5,1.2,0.0,525.0,34.5,4.5,8.5,5.5
Sev Puri,Lunch/Snacks,Veg,6.25,245.0,10.5,2.2,0.0,625.0,32.5,3.8,7.5,5.8
Dahi Puri,Lunch/Snacks,Veg,6.75,195.0,7.5,3.2,15.0,525.0,28.5,3.2,8.5,5.5
Rava Kesari,Dessert,Veg,5.5,285.0,10.5,5.5,25.0,65.0,42.5,1.2,28.5,4.5
Mysore Masala Dosa,Breakfast,Veg,8.25,325.0,12.5,3.5,0.0,625.0,45.5,5.2,4.5,9.5
Paneer Dosa,Breakfast,Veg,9.5,385.0,18.5,9.5,42.0,625.0,38.5,3.8,4.2,16.5
Chicken 65,Chicken,Non-Veg,12.5,325.0,18.5,4.5,125.0,925.0,12.5,1.5,3.5,32.5
Hyderabadi Biryani,Rice,Non-Veg,13.75,525.0,20.5,7.5,115.0,1025.0,62.5,3.5,5.5,32.5
Dum Biryani,Rice,Non-Veg,14.5,545.0,22.5,8.5,125.0,1125.0,58.5,3.2,4.8,35.5
Thalassery Biryani,Rice,Non-Veg,15.25,565.0,24.5,9.5,135.0,1225.0,56.5,3.8,5.2,38.5
Kolkata Biryani,Rice,Non-Veg,12.95,495.0,18.5,6.5,115.0,925.0,58.5,3.5,6.5,28.5
Lucknowi Biryani,Rice,Non-Veg,15.75,585.0,26.5,10.5,145.0,1325.0,56.5,3.2,5.8,42.5
Nihari,Lamb/Sheep,Non-Veg,16.5,465.0,28.5,11.5,135.0,925.0,12.5,2.5,3.8,42.5
Haleem,Lamb/Sheep,Non-Veg,14.95,425.0,22.5,8.5,115.0,825.0,28.5,6.5,3.5,32.5
Keema,Lamb/Sheep,Non-Veg,13.5,385.0,24.5,9.5,105.0,725.0,10.5,2.8,4.5,32.5
Deep Dish Cajun Chicken Pot Pie,Savory Pies,Non-Veg,10.12,438.6,25.2,10.0,92.2,500.0,34.6,4.7,0.5,19.2
Rose Cheese Cake,Cheesecake,Veg,12.4,369.8,20.6,12.0,103.9,262.3,40.9,1.9,25.2,8.5
Bella's Whole Wheat Belgian Waffles,Breakfast,Veg,5.48,137.3,6.9,1.6,39.1,205.7,15.7,1.6,3.2,4.2
My Stuffed Bell Peppers Soup,Low Cholesterol,Veg,7.17,244.8,8.3,3.3,49.1,489.1,23.7,3.9,7.3,19.6
Katie Couric's Lemon Chicken,Chicken Breast,Non-Veg,16.73,304.1,16.8,5.6,90.8,748.4,7.9,1.0,1.3,29.7
Out of Desperation... Flour Tortillas,Breads,Veg,5.4,144.8,6.7,1.4,0.0,222.0,18.3,0.6,0.1,2.5
Vietnamese-Style Broccoli Stir-Fry,Vegetable,Veg,5.86,78.3,5.0,0.8,0.0,236.1,7.1,0.1,1.2,2.9
Cranberry Sauce With Orange Liqueur,Sauces,Veg,5.76,157.6,0.1,0.0,0.0,2.0,40.9,2.9,35.8,0.2
Decadent Easter Brownie,Dessert,Veg,12.24,380.1,26.1,15.8,86.3,112.9,40.6,4.6,27.6,5.7
Cauliflower Sheep,Cauliflower,Veg,5.95,44.9,1.5,0.3,0.0,88.5,8.6,3.7,2.9,1.5
Barbecue Chicken Pizza,Chicken Breast,Non-Veg,18.45,543.1,38.5,15.3,109.7,1303.4,16.1,1.5,5.3,32.3
Karen's Dill Dip,Lunch/Snacks,Veg,8.01,353.4,31.7,10.4,40.6,739.0,16.8,0.0,3.9,2.4
Apple Butter Chai Flavors,Spreads,Veg,6.6,103.2,0.2,0.0,0.0,10.3,27.0,2.4,23.3,0.3
Turkey Clubhouse Salad,Lunch/Snacks,Non-Veg,6.91,54.4,2.5,0.6,10.1,329.7,5.9,1.9,3.5,2.9
Tasty Onion Chicken,Chicken,Non-Veg,16.54,339.3,24.4,4.3,68.4,384.3,1.4,0.1,0.5,27.7
Rachael Ray's Roasted Poblano Steak Chili,Steak,Non-Veg,26.24,594.7,21.3,5.5,170.1,526.2,28.7,9.0,7.0,68.4
Piparkakut - Finnish Ginger Cookies,Dessert,Veg,21.75,2132.2,97.8,59.8,385.0,1674.9,294.1,7.8,89.5,27.1
Chorizo & Mushrooms,Breakfast,Non-Veg,6.71,148.3,11.7,4.3,26.4,373.1,2.4,0.6,0.8,8.8
Paella Potjie,Stew,Veg,20.85,951.0,31.0,7.4,336.9,984.7,80.5,6.0,7.3,81.4
Guy's Chop Chop Bread Salad,Peppers,Veg,9.02,426.9,23.8,3.6,0.0,512.3,47.0,7.0,2.6,8.7
Hungarian Mushroom Soup,Vegetable,Veg,5.94,108.5,4.5,2.7,12.5,499.7,14.2,2.2,4.2,4.7
Mean Chef's Zuni Rolls With Raspberry Chipotle Sauce,Raspberries,Veg,14.76,513.0,15.7,4.6,53.6,1619.0,58.5,6.3,19.2,27.0
Mango &amp; Radish Salad With Lime Dressing,Vegan,Veg,5.35,115.3,7.0,1.0,0.0,6.9,14.5,1.3,11.9,0.6
Bountiful Harvest (Shake N Bake) Fruit Pie Filling,Pie,Veg,6.44,168.9,3.9,2.5,10.2,60.1,33.0,0.3,25.0,1.1
Creole &quot;style&quot; Chicken &amp; Sausage Jambalaya,One Dish Meal,Non-Veg,12.07,446.7,14.7,4.8,94.2,1562.3,46.8,4.6,7.1,31.6
Drunken French Country Chicken Au Gratin,Chicken Breast,Non-Veg,20.76,704.5,49.2,18.6,207.4,386.3,7.1,0.7,1.9,46.0
Company Steak With Bearnaise Butter,Steak,Non-Veg,20.5,255.7,14.5,7.7,101.9,135.1,0.3,0.0,0.0,29.6
Chili Chicken Pasta Topper,Chicken Breast,Non-Veg,18.09,645.9,22.1,6.1,84.5,741.9,70.7,3.0,2.3,38.6
Cowgirl Stew,Stew,Veg,5.72,144.0,0.5,0.1,0.0,163.5,33.4,5.2,9.8,3.9
Classic Chicken Ala King,Chicken Breast,Non-Veg,17.43,458.6,27.5,14.8,130.6,915.7,19.7,1.1,1.5,32.6
Nun's Puffs With Cream,Drop Cookies,Veg,6.49,137.8,10.2,5.8,93.7,87.9,8.1,0.2,1.2,3.6
Spring Caribbean Turkey Pie,Dessert,Non-Veg,18.05,1023.2,66.2,18.3,63.7,1017.2,92.8,8.8,4.8,15.4
Warm Milk for Sleepness Nights (And Sore Throats Too!),Beverages,Veg,5.99,240.8,9.0,5.6,34.2,126.6,31.1,0.0,17.8,8.2
Onion and Rice Casserole,White Rice,Veg,8.15,308.9,18.8,11.9,56.4,127.7,25.1,1.6,4.7,10.5
"Shape Magazine's Brown Rice, Oat and Cherry Custard",Breakfast,Veg,6.47,180.5,3.0,0.9,107.0,77.3,30.3,0.7,10.3,7.4
Comfort French Onion Soup,Lunch/Snacks,Veg,6.65,207.2,9.7,2.1,1.8,680.6,15.8,1.6,5.8,4.6
Southwestern Layered Salad,Cheese,Veg,5.42,198.4,9.1,4.3,154.4,148.6,20.7,3.0,2.2,11.3
Shakshouka on a Dollar,Breakfast,Veg,12.59,419.8,11.2,3.4,372.0,1441.0,54.6,18.1,16.5,29.8
Bread Fritters With Custard and Blueberries,Dessert,Veg,13.57,663.3,53.6,33.1,185.9,277.7,44.3,2.4,26.6,4.8
Sopa Seca De Arroz- Mexican Rice,White Rice,Veg,9.83,416.5,14.4,8.1,30.5,1319.5,56.7,2.2,4.4,13.6
Salmon Potato Patties,Potato,Non-Veg,6.49,198.8,11.1,3.2,54.7,389.6,9.9,0.7,0.6,14.1
Squash Casserole,Vegetable,Veg,10.42,394.0,28.9,11.7,142.0,815.2,18.0,1.9,3.9,16.9
New England Maple Mustard Scallops,Lunch/Snacks,Non-Veg,8.91,257.4,15.4,8.7,67.7,590.9,13.3,0.2,6.2,16.4
Rissole Potatoes,Vegetable,Veg,5.45,284.4,17.4,11.0,45.8,13.1,29.9,3.8,1.4,3.7
Chicken Legs With Easy Mole Sauce,Chicken Thigh & Leg,Non-Veg,24.22,810.0,51.8,13.3,277.2,1155.1,19.0,4.3,9.3,66.5
Gluten-Free Teff Banana Bread (Vegan + Soy-Free),Quick Breads,Veg,5.32,255.1,13.9,11.9,0.0,789.8,34.3,1.9,24.7,0.8
Red Beans,Beans,Veg,12.54,531.3,43.9,13.0,74.8,1266.5,16.3,5.6,4.2,21.6
Crispy Baked Basa,Egg Free,Non-Veg,10.32,239.5,10.9,1.9,89.2,131.7,6.9,1.6,0.8,28.4
Buttermilk Fantails,Buttermilk Biscuits,Veg,19.01,2611.0,130.1,75.8,312.6,4708.5,310.9,12.3,22.5,49.3
Plaza III Steak Soup - Copycat,Meat,Non-Veg,11.77,323.1,18.9,9.7,83.5,503.0,17.5,3.6,3.6,21.6
Zesty Shrimp Salad Rolls #RSC,Lunch/Snacks,Non-Veg,13.73,404.7,15.3,5.5,261.0,1780.3,32.2,1.8,7.7,33.4
Grilled Chicken With Mango Habanero Glaze,Sauces,Non-Veg,9.64,268.9,3.3,0.7,75.5,138.2,32.9,1.0,31.8,25.6
Stuffed Fiesta Pork Tenderloin #RSC,Weeknight,Non-Veg,9.85,285.2,12.3,3.4,81.1,329.8,14.7,2.4,2.3,28.5
Cream Crackers,Lunch/Snacks,Veg,5.77,261.1,10.2,6.2,36.2,459.1,37.6,0.8,1.2,4.3
Avocado-Cream Cheese Dip,Lunch/Snacks,Veg,15.68,1209.4,115.6,55.6,253.8,994.5,31.8,16.5,3.2,23.2
Thai Chicken With Basil,Chicken Breast,Non-Veg,17.78,372.9,21.2,5.0,96.8,1185.3,10.4,1.8,5.5,34.9
So Easy Cream Cheesy Dip,Mexican,Veg,5.22,197.6,17.8,11.2,53.8,586.6,6.3,1.2,2.4,4.9
Tarte Renvers&eacute;e Aux Tomates S&eacute;ch&eacute;es  (Upsid,Vegetable,Veg,8.55,375.3,26.1,8.5,15.3,124.9,31.8,0.7,2.5,4.8
German Fest,One Dish Meal,Veg,16.92,798.7,43.6,14.4,240.7,2439.4,16.1,7.8,7.0,72.1
A Mountain Of Make-Ahead Mashed Potatoes,Potato,Veg,8.76,393.8,16.5,9.7,46.5,242.9,55.8,6.8,4.0,7.9
Sarah's Owl Cookies,Dessert,Veg,9.03,196.4,12.2,2.8,7.8,122.4,19.4,1.6,9.9,4.2
Torrejas De Espinaca (Peruvian Vegetable Fritters),Vegetable,Veg,5.1,87.2,4.1,1.4,159.7,69.4,6.2,0.7,0.5,6.1
Breaded Pork Chops,Pork,Non-Veg,19.11,320.0,14.9,5.5,158.6,213.4,1.0,0.3,0.1,42.7
Lion Cupcakes - Roarrrr!,Dessert,Veg,9.66,178.8,8.6,5.8,0.0,79.7,26.1,0.9,21.8,0.8
Cinnamon Chunkies,Bar Cookie,Veg,5.42,105.3,3.1,1.7,37.8,112.5,17.4,0.3,10.1,1.9
Spaghetti Bolognese (The Easy Way),Spaghetti,Veg,17.81,733.8,19.4,6.1,81.2,175.4,91.0,4.4,6.1,40.4
Wafflewich (Low-Fat),Breakfast,Veg,10.6,406.6,18.7,4.4,50.7,1182.4,36.3,1.7,6.9,22.5
Baked from Scratch Pancakes,Breakfast,Veg,9.74,301.8,11.9,6.8,90.9,497.4,39.6,1.1,4.5,8.5
Teriyaki Ranch Chicken,Chicken,Non-Veg,18.04,566.0,33.1,5.2,84.7,2038.8,31.7,1.0,7.1,32.9
Lemon Crepes,Dessert,Veg,8.0,266.2,11.6,6.4,119.4,146.1,31.9,1.7,1.4,9.3
Hazel-Cocoa Prepared Coffee,European,Veg,5.93,25.9,1.4,0.8,4.3,20.1,2.5,0.6,0.0,1.6
Brothy Chicken & Sweet Corn Soup,Chicken,Non-Veg,9.17,266.0,3.9,1.0,46.5,547.0,55.0,5.3,4.0,12.3
Rustic Lamb Soup from Florence (Minestra Dagnello),Lamb/Sheep,Non-Veg,18.38,367.8,20.5,6.7,65.1,995.1,29.0,2.0,3.5,14.4
Chocolate Enchiladas,Dessert,Veg,8.91,195.9,16.7,3.4,8.2,70.5,10.7,0.5,5.8,1.4
Amazing Breakfast Bake,Breakfast,Veg,20.47,850.0,40.0,19.8,317.1,2067.3,80.7,4.6,7.8,40.1
Freezer Orange Sherbet,Frozen Desserts,Veg,9.16,292.6,14.8,9.2,54.3,16.8,40.5,0.1,37.9,1.5
Shrimp Deviled Eggs,< 60 Mins,Non-Veg,5.43,65.2,4.3,1.1,94.5,96.6,3.2,0.2,1.9,3.3
Creamy Avocado With Bacon Dip (Guacamole),Fruit,Non-Veg,6.73,141.1,13.2,4.0,13.0,65.0,5.6,3.5,1.2,2.1
South of the Border Chicken Casserole,One Dish Meal,Non-Veg,20.36,854.0,47.6,24.9,178.4,1453.4,55.6,2.1,4.0,49.8
Slow Cooker Herb Pork Roast,Pork,Non-Veg,19.94,364.6,10.6,3.1,195.6,456.4,1.0,0.2,0.0,62.5
Low - Fat Crispy Cookies,Breakfast,Veg,5.92,118.9,3.0,1.0,3.7,74.4,21.6,0.6,12.1,1.9
Cheesy Hamburger &amp; Potato Casserole,One Dish Meal,Non-Veg,13.27,396.4,22.1,11.9,104.3,667.2,19.7,1.9,2.1,29.3
CHICKEN &amp; SQUASH POT PIE,Vegetable,Non-Veg,12.74,590.2,9.5,2.3,18.9,301.7,118.8,21.8,26.6,20.4
The Best Basic Hummus Recipe,Southwest Asia (middle East),Veg,8.07,300.4,16.6,2.2,0.0,789.2,31.9,6.2,0.2,7.3
Nana's Melt in Your Mouth Blue Cheese Pork Chops,Pork,Non-Veg,20.99,539.9,33.5,12.3,158.6,750.8,6.9,0.2,0.4,49.7
-- Chicken Cheddar Crepes With  Mushrooms --,One Dish Meal,Non-Veg,14.09,541.0,39.5,21.1,138.1,1243.7,5.8,0.6,1.9,39.8
Italian Turkey Sausage,Breakfast,Non-Veg,6.89,91.5,4.8,1.3,44.8,344.5,1.6,0.3,1.0,10.1
Tortilla Tomato Soup,Vegetable,Veg,6.95,180.3,8.0,1.5,7.2,355.3,19.8,2.2,6.6,7.8
Mom's Apple Crisp,Dessert,Veg,14.11,570.5,10.4,6.0,69.4,188.2,118.3,4.3,89.2,5.3
Mini Chocolate-Glazed Fudge Cakes,Dessert,Veg,9.14,44.5,2.2,1.3,9.0,63.6,6.2,0.4,3.1,0.7
Ayaou M'semmen,Breads,Veg,5.87,182.0,0.5,0.1,0.0,350.3,38.2,1.4,0.1,5.2
Lite Fettuccine Alfredo,< 15 Mins,Veg,9.32,300.8,6.8,3.5,19.0,181.6,47.6,2.0,3.4,11.5
Nestle' Holiday Fudge,Candy,Veg,6.16,204.7,8.7,4.4,9.3,65.6,30.3,0.8,26.6,2.2
Papa John's Garlic Dipping Sauce,Microwave,Veg,8.42,437.6,45.5,9.4,0.0,1700.4,7.6,0.9,0.2,2.1
Chicken Pasta With Sour Cream and Cheese Sauce (Zwt3 Western),Chicken,Non-Veg,21.24,829.1,52.6,26.8,201.4,752.2,46.5,0.4,1.2,37.0
Pressure Cooker Ratatouille,Vegetable,Veg,6.09,191.0,10.9,1.6,0.0,1260.8,23.7,6.7,12.5,4.0
Meatballs for Spaghetti Sauce,Meat,Non-Veg,7.41,184.2,8.7,3.1,119.9,152.1,7.3,0.5,0.9,18.0
Crab Soup,< 60 Mins,Non-Veg,15.44,565.0,43.9,24.9,168.9,1932.6,16.9,0.8,2.1,26.7
Almond Cake (Wedding Wheat Free and Lactose Free),Dessert,Veg,12.26,317.7,15.9,1.9,70.5,69.9,38.7,3.1,26.3,7.8
Fast and Easy Potato Salad,Lunch/Snacks,Veg,14.63,851.1,40.8,6.1,30.6,879.4,116.6,14.5,13.1,13.0
Cream Cheese Banana-Nut Bread,Breads,Veg,8.13,330.0,14.5,8.8,64.9,236.0,46.6,1.0,26.9,4.5
Un-Fried Potato Latkes,Lunch/Snacks,Veg,5.76,256.2,4.9,0.7,46.5,626.9,46.1,5.4,3.0,7.9
Healthy Egg White Omelet,Breakfast,Veg,10.66,329.7,21.6,13.4,60.2,1047.1,10.7,2.6,5.2,24.8
Ecuadorean Quinoa and Vegetable Soup,Grains,Veg,5.53,233.2,8.7,1.2,0.0,601.9,34.6,6.0,7.9,6.2
ZUCCHINI PORK PENNE,< 60 Mins,Non-Veg,14.29,698.5,31.4,10.8,86.3,654.8,75.6,11.9,16.6,29.1
Tomato and Basil Orzo Salad,< 60 Mins,Veg,8.57,352.0,11.4,1.6,0.0,10.9,53.2,4.0,4.9,9.7
Gumbo Feast Gumbo,Cajun,Veg,10.12,396.2,29.6,6.1,103.6,1023.1,10.5,1.6,1.4,21.6
Spicy Meatloaf,One Dish Meal,Non-Veg,17.07,648.7,37.7,14.3,260.0,1587.5,26.4,3.3,8.8,49.4
Warm Potato Salad With Beer and Mustard Dressing,Potato,Veg,6.73,213.5,7.2,1.0,0.0,319.9,32.6,3.7,4.9,3.9
Steak Hache Avec Oeufs a Cheval (Hamburgers W/ Eggs on Horseback,Lunch/Snacks,Non-Veg,15.97,579.4,45.9,21.5,366.1,396.9,0.7,0.2,0.4,39.1
Skillet Baked Chocolate Chip Cookies,Bar Cookie,Veg,11.15,556.2,27.6,16.8,69.0,473.6,76.9,2.7,49.9,5.5
Easy Snickerdoodles Cookies (From a CAKE MIX!),Dessert,Veg,8.22,76.4,3.7,1.6,10.2,103.4,10.3,0.1,7.4,0.7
Buddha's Chocolate Mousse Shortcakes,Dessert,Veg,12.55,471.9,29.2,18.1,88.3,305.1,49.6,3.4,22.4,6.4
Dolmathes (Stuffed Grape Leaves),One Dish Meal,Veg,11.92,721.9,52.2,7.0,0.0,2168.8,59.3,2.9,8.3,8.9
Simple Baked Beans,Beans,Veg,13.38,553.2,19.9,6.8,40.5,1592.4,83.3,13.4,34.8,17.0
Edesia's Sweet Potato Casserole,Yam/Sweet Potato,Veg,11.91,646.2,35.3,14.6,124.7,400.8,80.8,3.4,63.0,5.8
Smothered Chicken With Barley,One Dish Meal,Non-Veg,10.74,418.8,16.4,4.5,79.0,1037.2,44.0,9.0,6.3,24.9
Breakfast Pockets,Breads,Veg,10.24,404.8,19.6,6.8,163.6,1157.7,41.0,1.5,7.5,15.1
Kobe Roux BBQ Sauce,Sauces,Veg,6.38,258.9,1.2,0.2,0.0,1391.5,65.1,2.1,49.5,2.0
Grilled Steak Fajitas,Meat,Non-Veg,14.87,616.8,34.6,13.1,122.2,2074.9,38.6,3.0,5.4,37.4
Cranberry Carrot Slaw,Salad Dressings,Veg,5.07,101.8,0.4,0.1,0.0,299.4,25.2,5.0,15.5,1.6
Easy Crock Pot Lasagna,Cheese,Veg,14.8,513.3,25.4,12.6,95.5,1643.7,35.4,3.6,10.1,36.3
Fruity Granola Bars,Bar Cookie,Veg,5.28,113.0,4.8,1.1,0.0,23.7,16.0,1.9,5.8,2.4
Oat Bran Muffins,Quick Breads,Veg,6.18,128.2,4.2,0.8,31.4,183.6,20.1,1.9,10.5,4.2
Old Fashioned Sugar Cookies,Dessert,Veg,22.59,4010.4,206.5,127.5,724.0,3425.1,491.3,10.1,202.6,47.9
Fudge Sauce,Sauces,Veg,5.86,240.9,2.6,1.6,5.0,55.0,56.7,1.8,50.2,1.1
Caramelized Onions - Oven Baked - Great for OAMC,Sauces,Veg,6.18,48.0,2.8,0.4,0.0,118.7,5.6,1.0,2.5,0.7
Walnut Crusted Cherry Chicken #A1,Sauces,Non-Veg,19.51,1079.0,76.1,12.8,157.9,935.6,64.3,5.9,49.7,42.4
Roasted Tomato Bisque from the Sandwich King,Vegetable,Veg,8.24,376.7,19.8,9.8,45.1,452.7,46.0,10.8,19.0,10.0
Yolie's Unique Tuna Salad,Lunch/Snacks,Non-Veg,7.23,214.6,10.5,2.9,151.8,717.2,10.7,1.6,5.3,19.2
Spicy Citrus Couscous,Moroccan,Veg,9.71,341.6,0.7,0.1,0.0,303.0,71.0,4.7,1.7,11.4
Curt's Brewhaus Beer Cheese Soup,Chowders,Veg,14.16,580.1,40.6,25.2,121.5,1224.9,20.3,1.5,9.6,29.2
Elizabeth Taylor's Chicken Steamed In Wine,Chicken,Non-Veg,21.69,576.0,43.2,11.1,170.2,257.4,2.0,0.5,0.5,42.5
Chocolate Chip Cupcakes,Dessert,Veg,9.38,243.5,8.9,3.6,31.0,198.9,40.3,1.1,29.7,2.9
Corn & Veggie Salad with Spicy Lime Dressing,Corn,Veg,8.8,368.0,1.0,0.2,0.0,21.3,84.5,3.3,16.6,6.9
Braised Coconut Cabbage,Onions,Veg,5.87,148.3,13.0,6.3,0.0,24.5,8.3,3.0,4.1,2.1
Steak Spice,Low Cholesterol,Non-Veg,6.15,32.5,0.3,0.1,0.0,833.3,7.8,1.2,4.7,0.6
Etta's Unforgettable Potica,Breakfast,Veg,11.57,510.7,33.7,10.4,104.6,116.6,40.9,2.8,16.0,9.3
Beef &amp; Vegetable Goulash,Low Cholesterol,Non-Veg,7.82,291.3,8.4,3.2,49.1,64.3,35.7,4.1,3.4,19.6
Sweet Potatoes Parmesan,Yam/Sweet Potato,Veg,5.58,227.6,12.6,2.9,7.3,626.5,24.2,3.6,4.8,5.2
Chinese Baked Sweet Bread Dough,Breads,Veg,6.62,172.5,9.1,1.4,12.3,10.2,19.4,0.7,2.0,3.2
Cheesy White Sauce!  Microwaved for Quickness and Ease.,Sauces,Veg,5.78,37.0,2.6,1.6,8.1,25.2,2.3,0.1,0.1,1.1
Atlantique,Beverages,Veg,6.33,161.0,0.1,0.0,0.0,0.9,1.6,0.1,0.6,0.1
Johnny Jalapeno's 'jumpin Wagon Wheels!' Macaroni and Cheese,One Dish Meal,Veg,14.38,631.9,33.9,19.0,142.8,870.4,54.1,2.4,3.2,26.9
Thai Barbecued Chicken,Chicken Breast,Non-Veg,13.57,292.7,16.9,4.8,115.7,954.3,2.1,0.4,0.4,31.1
NO GUILT 'second Helping' SLAW,Free Of...,Veg,6.17,83.7,3.0,0.4,8.2,30.7,12.8,1.6,0.2,1.3
Apple Tart With Raspberry Glaze,Tarts,Veg,5.67,248.8,8.0,4.8,42.7,132.2,43.2,2.3,24.8,2.2
Lean Green Chicken Chili,Lunch/Snacks,Non-Veg,16.94,603.6,9.3,1.5,72.6,732.6,84.0,22.4,7.0,46.2
Fresh Corn Salad With Honey Lime Vinaigrette,Corn,Veg,5.83,204.4,2.8,0.4,0.0,159.4,45.9,5.3,14.3,7.0
Super Easy Chicken Cordon Bleu,Chicken,Non-Veg,18.29,351.9,17.1,8.6,134.3,1050.0,2.7,0.8,0.2,44.3
Halloween Monster of a Cake,Dessert,Veg,18.0,1322.7,90.1,40.7,237.9,980.8,122.3,5.2,88.5,15.2
Lighter Southern Fig Bread,Dessert,Veg,12.61,329.2,9.9,1.4,56.3,1000.8,54.9,2.6,20.5,7.1
Megan's Amazing Buffalo Garlic Chili,Corn,Veg,10.01,325.0,1.7,0.3,0.0,452.4,62.7,16.1,7.1,19.2
Nature's Cake,Dessert,Veg,11.92,374.9,12.9,3.4,0.0,64.1,61.4,8.9,30.3,9.6
Cheesy Penny Wafers,Cheese,Veg,5.81,28.2,1.9,0.7,2.3,0.2,2.4,0.1,0.0,0.3
Malibu Beach,Beverages,Veg,10.4,534.0,0.3,0.0,0.0,4.6,21.6,0.2,18.3,0.6
Fruit Parfait Cake,Gelatin,Veg,8.41,313.2,18.7,10.8,194.7,87.3,31.6,0.7,16.4,5.6
Mommy's Chocolate Chip Cookies,Dessert,Veg,18.14,1954.9,102.8,35.1,141.0,1251.7,256.6,9.5,166.5,20.1
Mango Tomato Pasta,Mango,Veg,12.09,679.7,12.3,1.9,0.0,308.5,125.0,17.0,21.0,24.0
Crock Pot Chicken With Bread Bowl Dumplings,Chicken,Non-Veg,16.13,419.8,7.2,2.9,72.3,518.0,49.4,5.6,4.5,34.1
Amaretto Freeze,Frozen Desserts,Veg,19.96,1690.1,77.7,47.9,309.8,569.2,190.5,4.9,173.7,24.7
Easy Pepper Steak,Onions,Non-Veg,5.21,117.7,7.2,1.0,0.0,1767.3,13.1,3.4,7.1,2.7
"Chicken Cutlets With Bacon, Rosemary and Lemon",Chicken Breast,Non-Veg,14.56,253.2,11.1,4.2,90.0,239.7,8.8,0.6,0.4,28.6
Prawns Peri-Peri,Peppers,Non-Veg,14.64,1292.7,142.9,36.8,125.5,460.8,3.4,0.3,0.8,4.6
Broccoli Lovers Casserole,Vegetable,Veg,10.13,329.3,19.4,8.3,122.7,490.6,25.3,3.5,4.2,15.2
Egg Salad,Lunch/Snacks,Veg,6.13,153.6,10.0,2.7,280.9,168.0,5.4,0.8,2.2,10.1
Saute Frog Legs,Wild Game,Veg,8.14,111.7,0.5,0.1,56.8,571.3,4.6,0.3,0.2,19.9
Low fat black bean Dip,Black Beans,Veg,7.16,257.0,1.9,0.8,3.7,337.1,44.1,13.8,5.3,17.3
Lemon Sweet &amp; Sour Sauce,Sauces,Veg,5.5,36.8,0.0,0.0,0.0,14.6,9.9,0.2,7.2,0.1
Cinnamon Bread,Quick Breads,Veg,8.59,320.0,8.9,2.6,49.5,301.3,54.5,1.4,29.9,5.8
Giant Glowing Pumpkin Cookies,Dessert,Veg,8.96,240.6,9.8,2.5,13.6,198.6,35.4,0.6,10.9,2.9
Pumpkin Cranberry Bread Loaf,Quick Breads,Veg,6.88,155.1,4.9,0.6,0.0,132.2,25.6,1.3,12.1,2.6
Pesto Crusted Roast Salmon,Very Low Carbs,Non-Veg,15.19,470.1,28.8,5.2,101.5,391.1,5.0,0.7,0.7,46.7
Pink Party Squares,Dessert,Veg,9.09,247.7,11.0,7.4,27.6,130.4,36.4,0.6,32.6,2.3
Delicious Blueberry Coffee Cake With Crumb Topping,Breakfast,Veg,8.69,316.8,10.9,6.6,45.2,239.7,51.4,1.4,27.5,4.3
Chicken Manicotti,Chicken,Non-Veg,20.44,634.6,40.5,21.3,159.5,1560.7,18.9,0.6,11.7,47.6
Copycat Kobe Style Fried Rice With &quot; Shrimp Sauce&quot;,White Rice,Non-Veg,14.24,1350.7,85.3,15.4,76.4,2463.8,142.4,4.0,33.5,10.7
Hazelnut Brittle,Dessert,Veg,13.8,668.3,45.6,5.9,12.2,339.0,64.4,6.5,47.5,10.1
V-8 juice for canning,Beverages,Veg,5.81,213.8,2.1,0.3,0.0,89.0,47.2,13.3,30.9,9.5
Blueberry Banana Bread,Quick Breads,Veg,5.62,202.0,1.2,0.5,20.3,229.6,44.5,1.3,22.9,3.8
Blue Cheese Biscuits,Cheese,Veg,5.12,274.7,17.8,8.8,29.4,845.5,21.8,0.7,3.8,7.1
Green Tomato Pasta Sauce,Low Cholesterol,Veg,10.0,458.9,13.1,3.0,7.3,164.7,70.7,5.2,12.0,16.3
Sicilian-Style Toasted Quinoa,Grains,Veg,8.02,390.0,15.2,2.6,4.9,605.8,52.2,7.4,7.8,14.5
Easy Taco Casserole,One Dish Meal,Veg,15.27,627.3,28.6,10.2,85.7,644.1,61.5,10.3,1.5,35.9
Creamy Potato Cauliflower and Ham Soup,Potato,Non-Veg,5.92,174.2,6.3,3.6,20.6,558.6,24.4,4.3,6.4,6.5
No Sugar Dry Barbecue Rub,Meat,Non-Veg,6.05,98.8,4.6,0.8,0.0,1378.9,17.7,9.6,2.7,4.2
"Gingered Scallop, Shrimp &amp; Snow Peas",White Rice,Non-Veg,12.12,350.0,19.3,2.2,105.2,181.2,17.6,5.5,7.8,28.2
Twice Baked Jalape&ntilde;o Potatoes,Potato,Veg,9.62,364.6,17.5,11.0,52.1,150.5,39.5,4.8,2.4,13.7
Crunchy Garlic Bread,Breads,Veg,8.84,416.7,21.4,12.4,49.7,698.7,47.4,2.8,0.3,8.6
Sunshine Chicken Drumsticks,One Dish Meal,Non-Veg,6.39,138.5,6.4,1.8,59.1,119.0,5.5,0.0,4.0,14.2
Taco Soup,Black Beans,Veg,10.67,355.8,23.7,10.5,70.8,671.0,18.7,5.2,5.4,19.2
Sauerkraut Filo Rolls,European,Veg,6.72,223.8,11.9,1.9,0.0,479.3,25.8,2.4,1.3,3.6
Cheesy Island Salad Dressing,Salad Dressings,Veg,5.1,201.3,15.5,3.4,17.5,517.6,12.9,0.1,5.1,3.9
Rosemary Pork Chops,Pork,Non-Veg,18.42,371.3,13.9,4.9,133.0,2110.0,12.7,0.6,10.7,46.6
Cabbage Lover's Cabbage Quickie,Vegetable,Veg,5.91,17.7,0.1,0.0,0.0,12.8,4.1,1.8,2.3,0.9
Barley Minestrone With Pesto,Lunch/Snacks,Veg,6.63,201.4,1.0,0.2,0.0,39.7,43.5,9.5,8.3,7.6
Cheese and Chives Bread (Bread Machine - Abm),Yeast Breads,Veg,19.57,2340.2,42.1,20.6,282.8,4543.8,400.8,15.2,38.5,82.1
Ruby Tuesday's White Chicken Chili,Stocks,Non-Veg,5.04,231.4,5.8,1.2,7.2,633.9,32.5,7.0,7.7,13.8
Lemongrass Paste,Asian,Veg,11.8,574.6,37.3,5.6,0.0,33.7,57.6,3.9,1.2,8.9
Healthier Turkey Meatballs W/Dipping Sauce,Lunch/Snacks,Non-Veg,7.93,232.7,10.1,2.7,89.6,325.8,13.2,1.4,3.9,21.9
Cinnamon Balls,Dessert,Veg,9.19,93.5,4.5,0.3,0.0,7.1,12.1,1.3,10.4,2.4
Easy Quinoa Salad,Vegetable,Veg,5.26,248.9,14.1,1.5,1.5,472.1,23.7,3.7,1.6,8.0
Chicken With a Red Pepper Cream Sauce,Chicken Breast,Non-Veg,23.53,968.0,58.2,20.8,174.3,354.3,67.2,3.4,1.6,43.0
Easy 'n Elegant Fruit Cocktail,Dessert,Veg,9.91,93.8,0.2,0.0,0.0,0.6,19.7,2.5,16.4,0.9
Healthy (kind of ) Chocolate Mint Brownies,Bar Cookie,Veg,6.73,95.9,3.5,2.1,19.2,71.6,15.4,0.8,8.4,1.8
Easy Baked Sweet and Sour Meatballs,Chinese,Non-Veg,12.08,514.5,18.8,7.2,123.6,626.5,60.3,0.9,41.1,24.1
Vietnamese Chicken,Chicken,Non-Veg,14.27,374.1,25.9,11.3,109.5,1682.2,16.1,0.3,13.1,19.6
Oatmeal Scones from Alice's Tea Cup,Scones,Veg,8.63,373.3,17.2,10.5,46.2,328.7,48.3,2.0,13.7,6.4
Mini Corn Dogs (From Emeril),Pork,Non-Veg,9.68,63.5,1.6,0.4,13.7,215.1,10.2,1.1,1.6,2.6
Non-traditional Tiramisu,Dessert,Veg,12.27,364.2,24.9,14.7,41.6,202.5,32.7,0.5,15.2,3.6
Mango Sherbet (Helado De Mango),Frozen Desserts,Veg,9.61,210.9,4.3,2.5,13.2,54.8,43.3,1.8,40.6,2.7
Eggnog Bavarians,Dessert,Veg,12.04,369.4,27.3,16.7,154.2,108.3,24.1,0.0,14.3,8.0
Lasagna Lite,Poultry,Veg,8.47,206.8,9.6,4.2,63.0,730.8,11.8,2.7,5.9,19.4
Cashew Chicken,One Dish Meal,Non-Veg,14.89,1216.7,118.5,16.0,19.3,686.7,32.4,4.4,10.6,13.4
Roasted Potatoes and Onions,Potato,Veg,6.57,229.7,10.3,1.4,0.0,11.2,31.9,4.0,2.5,3.7
Buttertart Treats,Bar Cookie,Veg,6.03,134.9,4.7,2.8,27.8,73.2,22.4,0.5,16.6,1.5
Tropical Fusion Rhubarb Jam,Pineapple,Veg,10.96,576.2,0.2,0.1,0.0,118.8,146.1,2.1,140.8,3.0
Ham Fresh Mushrooms and Asparagus  Bechamel,Ham,Non-Veg,12.31,602.4,47.2,28.3,163.0,1795.8,22.8,1.7,2.8,24.0
Corned Beef Hash,Breakfast,Non-Veg,6.08,199.8,12.6,4.6,15.3,57.9,20.3,2.7,1.6,2.4
Easy Easy Biscuits,Breads,Veg,6.58,174.1,10.6,4.0,12.9,393.2,14.6,0.5,0.1,5.0
Mussels Mariniere,Mussels,Non-Veg,13.3,354.0,12.5,4.9,99.3,919.5,15.1,0.7,1.7,36.2
Crunchy Veggie Tortilla Wraps,Lunch/Snacks,Veg,6.08,38.7,2.1,1.4,8.3,111.1,3.4,0.9,1.9,2.2
Meatloaf Cordon Bleu,Meat,Non-Veg,12.7,324.1,14.0,6.5,146.4,779.9,11.8,0.9,1.4,35.5
Saffron Rice Pilaf With Toasted Almonds,Long Grain Rice,Veg,6.77,192.9,5.4,2.2,7.6,401.2,29.6,1.4,0.5,5.6
Steak With Beetroot Mash,Steak,Non-Veg,15.7,214.9,1.4,0.2,0.0,57.2,46.4,6.6,3.7,7.0
Cherry Bundt Cake,Dessert,Veg,12.24,398.6,19.1,11.4,114.1,189.6,53.0,0.6,34.6,4.9
Black Pepper and Parm Cheesy Popcorn,Lunch/Snacks,Veg,9.57,469.9,47.0,16.0,52.1,591.0,1.7,0.3,0.0,11.6
Green Beans and Tomatoes,Vegetable,Veg,5.2,97.1,4.9,0.7,0.0,11.2,12.9,4.5,6.4,3.1
Baked Marinated Tofu,Soy/Tofu,Veg,11.99,593.3,60.6,8.9,0.0,1041.2,5.1,2.1,1.2,12.0
Smothered Pork Chops,Pork,Non-Veg,19.38,527.5,28.9,7.3,124.6,1015.6,32.1,1.9,2.4,32.8
Carolina Strawberry Lemonade,Beverages,Veg,5.8,183.3,0.5,0.0,0.0,7.4,47.7,4.0,40.5,1.4
Baked Manicotti With Cheese Filling,Cheese,Veg,20.51,808.6,50.0,23.1,363.8,2491.4,47.2,4.5,12.0,43.8
Mandarin Turmeric Rice,Rice,Veg,5.46,277.5,4.5,0.9,0.0,68.2,54.5,2.4,8.6,5.6
Bacon Wrapped Grilled Corn on the Cob,Pork,Non-Veg,13.47,373.0,27.3,8.7,38.6,473.5,25.1,2.8,5.4,10.6
Cinnamon Rolls Made With Frozen Biscuits,Dessert,Veg,12.13,397.9,15.9,5.0,11.3,667.8,61.0,2.1,36.0,5.3
Cajun Meatloaf,Pork,Non-Veg,17.02,437.5,30.0,11.6,148.7,495.0,8.5,1.6,2.6,32.5
Strawberry and Grape Salad,Strawberry,Veg,5.47,63.1,0.3,0.0,0.0,1.9,16.1,1.8,12.6,0.9
Extract the Most Juice from Citrus Fruits,Fruit,Veg,5.11,98.5,0.5,0.1,0.0,2.5,27.9,6.6,14.8,2.3
Soft Polenta With Roasted Herbs,Grains,Veg,6.47,187.1,11.4,6.4,31.1,51.0,18.4,1.5,0.3,3.9
Little's Iranian Pancakes,Healthy,Veg,5.59,233.6,6.3,2.2,215.3,84.3,31.6,1.1,1.9,11.3
Sage Derby Potato Cakes With Sour Cream Dip,Potato,Veg,5.18,264.9,20.9,5.2,40.8,464.1,16.4,1.2,0.7,3.6
Cabbage Rolls / Golabki / Stuffed Cabbage,One Dish Meal,Veg,12.76,492.9,23.8,9.5,144.1,698.9,39.3,7.9,10.2,33.8
Justin's Tuna Salad,Tuna,Non-Veg,6.4,64.9,2.9,0.9,78.5,92.2,1.4,0.1,0.1,7.8
Sweet Potato &amp; Kale Colcannon,Mashed Potatoes,Veg,10.09,416.3,13.2,5.3,20.7,968.0,67.8,12.9,2.7,20.0
Tuna Puttanesca and Penne,Tuna,Non-Veg,20.97,810.2,20.6,3.2,55.2,910.1,99.6,15.2,5.4,57.8
Jimbo's Sloppy Joes,Meat,Non-Veg,11.57,391.8,23.0,10.3,92.4,330.9,22.8,0.7,20.8,21.8
Fresh Milled Wheat/Rye Bread,Yeast Breads,Veg,5.29,93.0,1.4,0.2,0.3,125.3,17.6,1.2,1.8,2.6
Veggie Casserole,Vegetable,Veg,8.11,332.6,24.9,6.8,33.8,738.0,20.0,3.7,6.2,9.1
Fuji Apple Chicken Salad Copy Cat Panera Bread Co.,One Dish Meal,Non-Veg,12.13,626.4,53.9,12.1,83.5,422.8,17.6,2.7,13.2,20.7
Chicken Macadamia,Brunch,Non-Veg,20.19,943.7,48.9,9.9,145.7,710.4,83.3,11.0,21.4,46.1
Korean Grilled Chicken (Asian),Chicken,Non-Veg,17.48,465.4,32.9,7.6,103.5,789.4,14.5,1.1,4.5,28.2
Whole Wheat Breakfast Rolls (A B M),Yeast Breads,Veg,6.05,233.0,2.4,1.1,4.2,232.1,46.8,3.0,7.8,6.8
Tunisian-Style Chicken Thighs,Chicken Thigh & Leg,Non-Veg,18.27,361.4,12.9,2.8,188.9,206.0,8.9,1.9,2.3,46.2
"Feuerzangenbowle (Burnt Punch, Traditional German Beverage)",Punch Beverage,Veg,9.73,378.6,0.1,0.0,0.0,9.1,33.3,1.6,26.4,0.7
Grilled Cherry Pork Chops,Pork,Non-Veg,14.83,307.9,21.1,7.5,68.8,588.1,9.7,1.2,5.8,19.4
Quinoa Salad,Lunch/Snacks,Veg,13.86,510.4,22.1,2.3,0.0,995.3,67.5,11.1,13.1,15.8
Rhubarb Crunch,Dessert,Veg,13.33,534.9,16.1,9.9,40.7,128.4,96.0,2.9,69.7,4.2
Orzo With Chick Peas (Rachael Ray),Low Cholesterol,Veg,10.91,465.2,13.0,4.0,16.7,538.6,71.3,7.5,3.0,16.3
Multigrain Sunflower Sourdough Bread,Sourdough Breads,Veg,6.86,232.6,4.0,0.5,0.0,294.6,44.3,7.3,3.6,8.9
Roast Salmon With Lime Salsa,Lunch/Snacks,Non-Veg,10.34,292.1,14.5,1.9,77.4,127.8,5.0,1.3,1.3,34.9
Lazy Oven Fried Chicken,< 60 Mins,Non-Veg,12.27,477.1,21.5,6.1,103.5,99.4,37.8,1.9,0.3,31.0
Easy Taco Soup,One Dish Meal,Veg,12.79,351.8,7.9,2.8,38.0,562.1,48.0,14.3,5.9,25.2
Spicy Beefy Noodles,Meat,Non-Veg,14.99,662.1,27.9,12.0,163.8,752.7,63.3,3.9,4.9,39.0
Kung Pow! Chicken,Chicken,Non-Veg,17.4,403.4,25.3,4.0,90.8,732.8,8.8,1.5,0.7,35.5
Cilantro Salmon With Smoky Tomato-Habanero Lasagna,Mexican,Non-Veg,15.5,513.8,34.4,14.2,221.2,237.9,12.0,2.4,5.5,39.5
Queens of Quisine Seafood Seasoning and Rub,Southwest Asia (middle East),Veg,5.3,64.3,2.2,0.3,0.0,1176.6,12.5,5.2,2.1,2.6
Cinnamon Brown Sugar Acorn Squash (Ayote En Miel),Dessert,Veg,11.18,350.6,0.1,0.0,0.0,38.0,90.6,1.6,78.5,0.9
Ben's Chocolate Chip Cookies,Drop Cookies,Veg,8.72,465.8,27.2,12.7,50.6,344.9,55.2,3.5,36.2,6.4
Easy Cranberry Sauce,< 15 Mins,Veg,13.22,1174.2,0.0,0.0,0.0,179.2,312.1,2.2,291.9,1.0
Mediterranean Jewel Cocktail,Beverages,Veg,6.42,254.4,0.0,0.0,0.0,1.8,5.8,0.2,4.8,0.1
Root Vegetable Mash With Caramelized Onions,Onions,Veg,5.98,239.0,3.8,1.4,5.0,789.9,44.9,9.8,7.0,8.2
Amazing Lemon Ginger Chicken,Chicken Breast,Non-Veg,14.54,226.6,6.5,1.2,75.5,1891.9,15.7,0.9,12.5,25.7
Spiced Prawns,Lunch/Snacks,Non-Veg,9.09,217.3,5.8,0.8,285.8,1473.8,8.2,0.2,3.5,31.6
Gluten-Free Vegan Strawberry Cheesecake,Dessert,Veg,9.4,288.6,28.2,20.1,0.0,9.1,9.0,5.6,2.7,4.2
Colorful Greek Salad,Vegetable,Veg,6.51,168.1,13.5,3.0,8.3,303.5,10.3,3.1,5.6,3.2
Jen's Chicken,Chicken Breast,Non-Veg,19.95,407.5,23.1,9.4,126.0,360.6,7.5,1.9,4.5,41.1
Caramelized New Potatoes,Potato,Veg,6.28,286.9,11.7,7.3,30.5,97.9,43.6,3.8,14.9,3.6
Simple Fried Rice,Rice,Veg,9.74,330.1,9.2,2.7,98.1,727.5,51.7,2.0,0.5,8.7
Jalapeno Jack Polenta,Grains,Veg,5.54,161.0,9.9,6.0,28.0,352.9,9.2,0.8,0.2,9.1
Baked Acorn Squash,Vegetable,Veg,5.75,129.0,2.1,1.2,5.0,22.6,29.2,3.2,6.6,1.7
Louisiana Killer Shrimp,Stew,Non-Veg,20.55,801.9,32.5,16.7,320.2,2804.6,68.8,5.1,4.4,56.0
Starbucks Caramel Macchiato Blended - Tastes Great Cold or Hot,Shakes,Veg,5.88,280.9,11.5,6.8,35.5,162.9,37.1,0.0,20.8,8.7
Egg Enchiladas,Breakfast,Veg,11.83,365.2,23.5,10.0,315.7,861.5,23.9,4.2,7.2,16.8
Homemade Crystallised Rose Petals,Fruit,Veg,5.68,98.9,0.0,0.0,0.0,7.1,25.0,0.0,25.0,0.5
"Tomato Chutney from CHAI, CHAAT &amp; CHUTNEY",Sauces,Veg,6.84,90.3,4.9,0.7,0.0,204.8,11.2,2.5,6.6,2.3
Bulgogi (Korean Beef),Meat,Non-Veg,13.52,1088.2,107.3,44.6,149.8,750.2,16.4,0.5,13.8,13.7
Mac and Jack and Cheese,Macaroni And Cheese,Veg,15.81,708.6,39.5,24.4,115.3,1435.0,57.9,2.5,2.6,30.4
"Celeriac (Celery Root), Onions &amp; Lemon",Vegetable,Veg,5.4,35.4,0.1,0.0,0.0,2.5,8.7,1.1,3.6,0.8
Indian Spice Mix,Asian,Veg,6.36,17.5,0.8,0.1,0.0,4.3,2.9,1.2,0.1,0.7
Chop Suey Con Casuy,One Dish Meal,Veg,11.78,318.7,17.5,3.0,17.1,797.9,29.0,7.3,12.1,16.3
Cheddar Dip,High In...,Veg,14.17,600.3,46.1,26.6,141.4,916.2,19.9,1.4,3.1,26.5
Fruitilicious Rice Salad,Chicken,Non-Veg,14.69,389.2,12.1,2.3,52.5,220.8,53.1,5.8,35.3,21.1
True Scottish Shortbread,Lunch/Snacks,Veg,6.11,62.7,3.4,2.1,8.7,34.6,7.4,0.2,2.0,0.8
Shav &ndash; Sorrel Soup With Hard Boiled Egg,Vegetable,Veg,6.53,292.3,11.1,4.0,195.9,565.6,35.2,5.7,2.5,14.1
Easy Milk Chocolate Frosting for Brownies,Bar Cookie,Veg,6.87,89.8,3.1,1.9,8.0,26.9,15.6,0.2,14.7,0.3
Tgi Fridays Honey Mustard Sauce,Sauces,Veg,5.09,119.8,7.9,2.4,11.3,159.0,12.8,0.1,10.1,0.6
Ravioli With Sun-Dried Tomato Cream Sauce,One Dish Meal,Veg,6.13,211.8,22.1,13.7,81.5,358.6,3.1,0.4,0.8,1.6
Algerian Farina Rolls,Breads,Veg,6.2,88.7,2.5,0.4,14.1,83.5,14.0,1.2,0.1,2.9
Pikelets,Breakfast,Veg,17.56,839.5,12.7,5.9,211.6,1108.1,155.4,3.4,50.4,25.2
The Best Crock Pot Barbecue Ribs,Pork,Non-Veg,15.33,379.2,21.3,7.4,78.2,533.8,27.0,0.5,24.0,19.8
Chatahoochee Rice,Long Grain Rice,Veg,10.66,582.0,29.1,11.2,33.0,1029.0,69.9,7.5,11.0,13.7
Best Ever Lemon Pound Cake,Dessert,Veg,12.57,393.4,13.8,8.1,101.5,179.7,63.1,0.6,41.7,5.7
Peach Chiffon,Gelatin,Veg,15.09,824.3,15.9,8.9,49.9,370.6,155.6,6.0,131.2,24.9
Chocolate Hazelnut Crunchies,Dessert,Veg,8.81,80.3,5.7,2.0,0.0,42.4,8.2,1.0,6.0,1.1
Grilled Peppers With Olives and Feta Cheese,Cheese,Veg,6.3,179.3,10.2,3.7,16.9,711.3,18.7,3.7,4.7,6.0
Stuffed Onions,Ham,Non-Veg,8.18,305.8,20.3,5.5,56.1,396.5,22.2,2.6,7.1,9.8
Almond Red Tea Custard,Dessert,Veg,9.5,73.3,1.7,0.5,70.5,90.0,11.3,0.0,11.3,3.3
"Yes,it's Another Coleslaw Recipe",Vegetable,Veg,6.93,155.3,9.9,1.5,7.6,513.3,17.1,2.0,9.6,1.3
Applesauce Pork Roast,Pork,Non-Veg,14.36,278.7,14.3,2.5,87.1,122.3,7.0,0.5,1.8,29.3
Red Cabbage With Apples and Spices - Crock Pot,Apple,Veg,6.78,141.5,0.5,0.1,0.0,72.3,34.0,6.5,21.9,3.7
Death by Michael Chicken Tetrazzini,Meat,Non-Veg,18.89,885.7,45.7,24.4,184.7,781.9,66.5,3.2,4.0,37.7
Oven Crisp Chicken Wings,Chicken,Non-Veg,14.95,395.4,28.6,11.0,117.2,167.4,9.9,1.1,0.2,24.1
Ginger Chicken Stir Fry,Sauces,Non-Veg,13.56,400.5,28.1,6.4,85.1,654.4,11.6,3.5,3.4,25.3
Creepy Buck&quot;eyes&quot;,Candy,Veg,19.93,6854.5,383.9,93.1,13.4,3509.2,795.8,36.1,718.5,136.4
Mojito Grilled Chicken,Chicken,Non-Veg,19.78,402.9,17.2,3.2,158.9,176.8,10.5,0.3,9.1,49.3
Strawberry-Kiwi Sorbet,Frozen Desserts,Veg,8.75,93.8,0.6,0.0,0.0,3.4,23.0,3.7,16.5,1.4
Wild Mushroom and Pesto Crostini,Vegetable,Veg,5.26,30.9,3.0,0.6,0.9,15.9,0.5,0.1,0.2,0.7
Another Pork Chops and Beer Recipe,Pork,Non-Veg,19.47,370.5,19.6,6.2,137.3,259.9,2.3,0.3,0.8,41.9
Candy Apple,Beverages,Veg,5.27,107.4,0.2,0.0,0.0,6.9,26.7,0.2,24.9,0.1
Easy Pumpkin Pancakes,Breakfast,Veg,9.43,340.8,10.8,3.1,56.6,707.6,51.6,1.9,5.5,9.6
Beer Cheese Dip.. Very Good,< 4 Hours,Veg,5.68,213.5,19.4,12.3,61.4,229.4,1.7,0.0,0.2,7.6
Stuffed Mini Sweet Peppers,Low Protein,Veg,5.48,234.5,19.9,11.0,62.5,187.4,10.3,2.9,7.3,4.7
Mountain Soft White Bread,Breads,Veg,6.26,134.1,0.5,0.1,0.0,293.2,28.0,1.5,3.2,4.2
Eggs Benedict (Sort Of)  for 2,Breakfast,Veg,13.57,423.9,20.6,10.7,268.1,806.7,29.4,2.0,3.0,29.4
Quick-Braised Carrots With Butter,Vegetable,Veg,6.78,110.9,6.0,3.7,15.3,120.7,14.3,3.2,8.2,1.1
Deconstructed Lobster Bisque,Lobster,Non-Veg,25.04,684.0,40.9,24.8,422.4,1025.4,15.0,1.5,4.6,40.5
Miso Ginger Turkey Burger,Poultry,Non-Veg,6.19,173.6,3.6,0.8,0.0,735.4,29.6,3.0,4.2,6.8
Vegetable Fried Rice,Rice,Veg,16.29,970.8,24.0,4.5,93.0,1383.7,162.0,4.7,3.2,19.3
Tuna and Egg Salad,Tuna,Non-Veg,7.7,232.8,12.8,2.7,200.4,284.2,9.5,2.6,5.7,19.9
Burgundy Burgers!,Meat,Non-Veg,12.61,452.6,34.0,13.1,120.8,156.0,2.5,0.2,0.9,29.3
Chicken Daddy's Way,Chicken,Non-Veg,24.95,867.7,56.6,15.6,243.8,238.2,26.6,3.9,4.8,60.5
Cafe Vanilla or Cafe Vanilla Caramel,Beverages,Veg,14.39,966.2,70.0,43.5,237.6,772.0,70.4,0.0,40.0,15.0
Safe-To-Eat Cookie Dough,Dessert,Veg,9.47,291.3,15.3,2.7,0.0,384.3,36.4,0.6,20.2,2.3
Just Right Rice/Oat Milk,Beverages,Veg,5.71,47.2,0.3,0.1,0.0,121.0,10.6,0.5,5.2,0.8
Jamaican Crab Spread,Spreads,Non-Veg,14.08,610.7,47.1,28.9,223.5,1031.7,11.4,1.6,3.3,35.5
Margherita English Muffin Sandwich,Lunch/Snacks,Veg,6.69,147.8,1.6,0.7,1.5,234.9,27.7,2.8,3.7,6.3
Creamy Scalloped Potato Bake,One Dish Meal,Non-Veg,10.85,455.6,33.1,14.6,79.0,974.0,24.0,2.0,1.8,16.5
IT'S SO NOT Sour Cream Dip/Dressing,Spreads,Veg,13.33,523.9,37.9,6.2,9.8,129.7,24.1,0.3,19.3,23.1
Cottage Pie,Savory Pies,Veg,15.32,559.3,25.6,8.6,81.7,303.3,47.1,6.3,4.6,28.1
No-cook Chocolate Mascarpone Cake,Dessert,Veg,8.01,165.7,17.3,10.7,0.0,7.9,9.9,5.5,0.3,4.3
Spicy Bacon Corn Dip (Slow Cooker),Cheese,Non-Veg,5.71,296.3,23.2,10.2,48.8,521.0,13.7,1.4,2.6,10.4
Lighter French Toast Waffles,Breads,Veg,18.56,804.8,13.2,4.3,114.6,1650.9,140.0,7.8,4.1,28.1
Dreamy Chocolate Mousse Pie,Pie,Veg,5.44,239.4,9.4,2.2,1.5,935.4,36.6,2.4,9.4,4.7
Simply Elegant Salad With Balsamic Raspberry Vinaigrette,< 15 Mins,Veg,6.14,37.7,2.3,0.2,0.0,19.3,3.9,1.0,2.1,1.4
Random Foo Asian Soup,One Dish Meal,Veg,15.91,948.5,4.4,0.9,110.4,906.0,199.1,6.1,4.2,21.9
Tickled Your Tastbuds Tostados,Lunch/Snacks,Veg,11.6,334.1,24.8,6.9,46.0,821.7,15.3,8.6,3.4,16.5
Mushroom Crostini,Grains,Veg,8.91,390.2,10.4,1.7,0.0,694.6,62.4,4.0,1.2,12.0
Japanese Negi (leek) Patties,Lunch/Snacks,Veg,7.0,197.8,15.0,3.0,186.0,367.7,8.7,0.5,4.3,7.1
Quick and Easy Sauteed Imitation Crab,Crab,Non-Veg,15.56,237.1,4.3,1.7,37.9,1451.8,23.9,0.8,2.2,21.2
Spaghetti With Summer Tomatoes,Vegetable,Veg,13.93,597.2,15.7,2.2,0.0,35.4,97.1,5.4,5.3,17.5
Fun & Delicious Homemade Pop Tarts,Breakfast,Veg,10.03,576.1,24.1,6.0,0.4,391.4,85.5,3.2,41.0,4.7
Russian Black Bread,Yeast Breads,Veg,20.48,2028.5,40.1,20.3,61.0,2734.8,390.9,54.7,38.3,56.4
Dark Rye (Bread Machine),Yeast Breads,Veg,6.79,176.1,2.8,0.4,0.0,102.4,34.1,2.2,5.4,4.1
Simple Salad,< 15 Mins,Veg,5.11,40.1,0.4,0.1,0.0,9.4,9.4,1.8,3.0,1.7
Five Happiness Fried Noodles,Lunch/Snacks,Veg,11.43,413.5,7.0,1.5,76.6,481.8,73.0,5.3,6.8,16.2
Gluten Free/ Dairy Free Peanut Butter Cookies,Drop Cookies,Veg,9.65,306.0,22.2,3.5,0.0,422.1,21.0,4.2,13.7,10.8
Creamy Lentil &quot;risotto&quot; (Kichdi),Lunch/Snacks,Veg,5.07,145.3,5.9,3.3,13.1,3.5,20.1,2.5,1.0,3.6
Kittencal's Homemade Deep Rich Turkey Stock/Broth,Stocks,Non-Veg,5.39,17.0,0.1,0.0,0.0,23.2,3.9,0.8,1.5,0.5
Homemade Corn Bread With Honey Butter,Spreads,Veg,10.91,702.1,51.2,27.0,169.4,960.8,56.0,1.6,22.9,7.6
Green Chili Sauce,Mexican,Veg,6.36,71.1,3.3,0.9,4.9,60.2,8.1,1.0,2.7,3.0
Sweet and Sour Balsamic Baby Onions,Onions,Veg,5.56,264.4,7.9,4.9,20.4,70.8,48.5,4.2,30.6,2.9
Gnocchi With Butternut Squash (squacchi Perhaps!),One Dish Meal,Veg,8.48,389.0,26.1,10.2,48.9,747.6,31.6,5.2,9.0,12.0
Black Forest Coffee,Beverages,Veg,6.12,100.9,2.6,1.1,0.3,100.6,18.0,0.8,9.9,1.4
Rae Simpson's World Famous Pound Cake,Dessert,Veg,23.02,6724.9,304.2,181.3,1930.1,1719.5,931.2,7.0,603.2,78.2
Delicious Easy Asian Grilled Drumsticks,Chicken Thigh & Leg,Non-Veg,11.03,276.4,17.2,3.4,59.1,464.6,16.2,0.3,14.4,15.1
Creamy Chicken and Wild Rice Soup,Chicken Breast,Non-Veg,12.19,294.7,14.5,5.4,45.9,691.9,23.0,1.4,1.5,17.6
Thai Coconut Rice Noodles With Chicken,Chicken Breast,Non-Veg,15.25,419.3,12.9,4.9,36.3,537.0,58.5,3.8,4.9,17.6
Original Green Bean Casserole,Greens,Veg,5.77,96.0,4.3,1.4,4.3,373.7,11.3,2.2,2.6,3.4
Bread Rolls,Breads,Veg,6.07,146.7,3.8,2.2,9.8,179.4,24.3,1.0,2.4,3.7
Collegetown Eggs,Chinese,Veg,6.93,167.4,12.1,3.0,279.0,112.0,4.6,1.1,2.8,10.2
Pioneer Woman Lasagna,One Dish Meal,Veg,16.71,742.7,47.6,17.5,227.8,2414.4,21.8,4.7,13.9,57.0
Italian Basa (Catfish),Very Low Carbs,Non-Veg,9.8,207.7,5.8,1.5,115.1,89.0,4.6,1.3,2.3,33.3
The Realtor's Meatloaf,Meat,Non-Veg,12.78,343.5,20.0,8.0,118.1,810.7,14.9,0.6,5.8,25.2
Basque Beans (Including Crock Pot Version),Onions,Veg,11.05,361.4,10.1,1.6,0.0,22.3,53.5,13.3,8.2,17.9
Oriental Braised Eggplant (Aubergine),Vegetable,Veg,5.09,109.2,3.0,0.3,0.0,1002.6,17.5,5.2,8.3,4.0
"Delicious Garden Entree Salad With Pepperoni, Cheese, Pineapple",Vegetable,Non-Veg,11.58,495.5,25.5,8.9,42.8,751.2,56.4,7.8,25.3,19.1
Italian Sausage With Creamy Garlic Sauce,One Dish Meal,Non-Veg,14.74,724.7,62.9,35.9,204.0,1960.7,8.2,0.4,0.3,34.0
Unstuffed Pepper Bake,Brown Rice,Veg,16.25,678.6,36.8,18.8,136.8,1305.3,45.3,5.0,10.6,41.1
Gourmet's Roasted Cauliflower Soup,Cauliflower,Veg,5.49,247.7,21.5,11.6,67.4,157.7,10.7,2.4,3.5,5.2
Bachelor Burger,Meat,Non-Veg,14.59,585.3,23.6,8.7,78.2,1557.6,59.8,2.7,19.5,33.5
Open Faced Reubens,Lunch/Snacks,Veg,19.9,1297.7,84.6,41.6,323.7,3709.1,49.4,7.3,7.9,83.0
Buckeye Dip,< 15 Mins,Veg,10.03,691.8,47.0,21.8,61.7,346.1,65.7,3.9,55.5,11.6
Creamy Marinara Tortellini,One Dish Meal,Veg,5.87,296.6,23.9,11.8,63.4,494.8,15.2,2.3,7.7,5.8
Individual Savoury Rabbit Puddings - from Leftover Roast,Rabbit,Non-Veg,16.35,883.7,63.0,20.6,203.7,442.9,63.6,2.3,1.9,16.3
Mickey's Marinated Flank Steak,Meat,Non-Veg,13.43,386.2,30.3,6.6,46.5,897.8,2.9,0.4,0.9,25.5
Candy Apple Martini,Beverages,Veg,5.85,42.4,0.1,0.0,0.0,2.7,10.5,0.1,9.8,0.1
Homemade Hash Browns (Oamc),Breakfast,Veg,5.27,90.5,1.1,0.6,2.5,13.2,18.6,2.3,0.8,2.2
Char's Turkey Pot Stickers,< 4 Hours,Non-Veg,8.88,338.3,19.6,3.0,53.1,438.1,29.2,1.2,0.5,11.0
Homemade Smoked Almonds,Lunch/Snacks,Veg,6.36,208.7,17.7,1.3,0.0,53.7,8.1,4.4,1.4,8.0
Chicken Marsala With Capers,Chicken Breast,Non-Veg,18.49,723.0,53.0,13.4,123.3,608.3,13.2,1.1,2.3,35.5
Cheddar Pancakes,Breakfast,Veg,6.52,281.0,24.4,14.6,157.1,586.8,3.9,0.1,1.3,11.8
Blender Quiche - or Whatever You Have in Your Kitchen Leftover,Lunch/Snacks,Veg,8.44,308.4,24.6,8.2,121.5,486.2,11.3,0.5,2.0,11.0
Lentil Walnut &quot;no Meat&quot; Loaf,Lentil,Non-Veg,11.63,498.5,25.1,2.9,46.5,934.6,50.6,20.2,3.0,22.9
Crunchy Oat Cereal,Breakfast,Veg,9.02,374.7,29.0,8.9,30.5,104.8,28.0,3.9,13.2,4.4
Spinach and Cheese Enchiladas,Spinach,Veg,14.39,755.3,44.2,23.9,119.3,1660.5,53.2,5.9,5.9,38.6
Thai Sweet and Sour Sauce,Sauces,Veg,6.26,272.5,0.1,0.0,0.0,864.9,68.9,0.3,66.9,1.5
Best Award-Winning Chili,Meat,Non-Veg,13.3,372.6,8.9,3.3,49.1,459.1,46.2,11.6,7.9,29.0
The Dankest Homemade Chicken Soup,Chicken,Non-Veg,16.47,387.3,26.6,7.6,121.9,161.7,6.0,1.7,2.7,29.4
The Best Ketchup-Glazed Meatloaf,Meat,Non-Veg,5.24,110.7,4.5,0.6,46.5,1344.2,13.9,2.9,7.7,5.9
"Potato, Apple, and Celery Salad",Apple,Veg,6.74,253.6,13.9,1.9,0.0,68.8,31.1,4.9,8.7,3.0
Cheesy Zucchini Casserole,Kid Friendly,Veg,5.7,294.6,21.7,13.2,90.9,403.1,13.0,1.3,3.1,12.6
Spaetzle (noodles),Lunch/Snacks,Veg,13.19,515.2,17.2,9.0,216.5,756.5,72.0,2.6,0.5,16.1
Tomato Artichoke Chicken,Chicken,Non-Veg,14.23,293.8,8.3,1.8,79.3,423.5,24.3,11.0,5.2,30.8
Baja Fish Tacos,Mahi Mahi,Non-Veg,8.41,197.5,3.1,0.5,56.4,366.5,24.3,2.6,3.0,17.1
Orange Anise Seed Squares,Dessert,Veg,12.61,382.9,12.4,7.3,71.0,376.3,64.1,1.1,37.5,5.5
Pizza Potatoes,Potato,Veg,12.02,588.5,26.4,10.7,60.6,1289.6,65.5,8.8,5.7,23.7
African Fruit Slush,Beverages,Veg,13.1,947.3,0.6,0.1,0.0,8.9,244.2,3.1,229.5,2.1
Lemon Snowballs,Frozen Desserts,Veg,9.13,190.7,9.9,6.1,36.0,22.8,29.2,2.6,20.5,2.0
Louisiana Gumbo,Gumbo,Veg,8.18,250.7,14.5,4.4,137.6,681.5,6.6,1.4,1.4,22.4
Chicken Vindaloo Balti Style,Curries,Non-Veg,14.55,488.8,12.3,2.5,96.4,1287.5,51.8,9.4,8.4,42.0
Bev's Spaghetti Sauce,Sauces,Veg,15.13,565.1,33.3,11.1,115.7,2241.5,31.4,8.2,21.3,38.7
Crock Pot; Meaty Cheese Dip,Lunch/Snacks,Non-Veg,11.94,335.5,25.2,11.6,84.0,1219.3,6.9,0.4,4.6,19.7
Rib Rub by Rachael Ray,Beginner Cook,Veg,6.71,47.5,0.2,0.0,0.0,600.9,11.9,0.2,10.2,0.3
Easy Chicken Schnitzel,Chicken Breast,Non-Veg,19.87,325.1,10.7,2.4,157.4,579.8,13.5,1.0,1.0,41.2
Greek Egg-Lemon Chicken Soup,Clear Soup,Non-Veg,16.42,595.2,38.0,10.9,255.6,1003.3,17.2,2.3,3.2,43.9
Raspberry Hot Chocolate,Beverages,Veg,11.69,638.6,40.7,25.2,69.5,120.2,62.0,6.5,48.7,12.1
Peanutty Oatmeal Cookies,Dessert,Veg,9.72,99.9,4.8,1.6,18.1,34.5,11.9,1.2,5.4,3.1
Olive Garden Smoked Mozzarella Fonduta,European,Veg,13.44,473.1,30.6,18.3,86.0,991.7,21.8,1.1,2.1,27.2
Best Tuna Melt Ever,Lunch/Snacks,Non-Veg,16.72,504.1,17.0,8.2,105.0,1282.0,35.4,3.6,17.5,52.1
Shelly's Baked Ricotta,One Dish Meal,Veg,19.83,960.4,65.4,37.6,420.2,1985.2,24.9,0.5,13.2,67.0
Carolina Girl's Cornbread Dressing/Stuffing,Winter,Veg,6.51,174.8,9.8,4.0,72.2,987.6,13.7,0.8,2.6,7.6
Yellow Split Pea Soup With Lemon,Lentil,Veg,7.52,295.5,7.0,2.9,10.2,255.1,43.9,17.5,6.9,16.7
Cold Borscht With Sorrel,Clear Soup,Veg,6.79,89.3,5.0,2.2,99.2,64.1,7.5,1.8,4.3,4.8
Mojito Jelly - Lime and Mint Jelly,Jellies,Veg,6.72,101.3,0.0,0.0,0.0,1.8,26.3,0.3,25.2,0.1
Banana Julius,Beverages,Veg,5.62,246.5,0.5,0.1,0.0,57.7,59.1,3.2,45.3,4.0
Raspberry Cream Marshmallow Puff Pie,Pie,Veg,5.98,227.0,9.2,3.2,1.0,358.5,34.7,2.7,18.3,3.1
Chocolate Gravy,Sauces,Veg,5.73,297.3,12.5,7.8,36.8,141.3,44.0,1.3,33.5,5.0
White Chocolate Bread pudding,Dessert,Veg,23.98,1501.4,54.0,30.4,304.3,1676.6,212.7,7.4,43.1,44.0
Faking It Monte Cristo Sandwich,Lunch/Snacks,Veg,13.56,455.1,33.4,19.1,133.1,1029.6,4.2,0.5,1.2,34.0
Broccoli Salad with Grapes,Vegetable,Veg,11.03,774.2,54.7,12.2,53.8,980.7,63.1,5.1,42.8,13.9
Pickled Red Beet Eggs,Lunch/Snacks,Veg,5.08,127.3,4.8,1.6,186.0,104.0,13.7,1.2,12.0,7.0
Parmesan Chicken &amp; Broccoli Pasta,One Dish Meal,Non-Veg,13.92,455.5,11.8,2.5,68.8,637.1,52.4,0.6,3.7,38.6
Cornubella,Peppers,Veg,5.08,224.2,8.0,4.9,19.3,255.6,27.5,3.6,3.8,11.7
Creamy Tuna Stuffed Spuds (Potatoes),Lunch/Snacks,Non-Veg,7.47,265.1,4.5,1.8,24.7,102.3,38.1,4.8,1.8,18.1
Lemon Tarragon Chicken Salad,Chicken Breast,Non-Veg,13.89,283.1,11.7,1.9,89.9,317.4,9.9,0.6,2.9,33.5
Hawaiian B.B.Q. Sauce,Pineapple,Veg,10.5,681.1,54.3,9.2,0.0,2696.3,46.9,0.7,33.6,5.5
Punch,Punch Beverage,Veg,14.4,1283.1,1.1,0.1,0.0,162.2,329.0,1.4,254.1,2.4
Crock Pot Spinach Casserole,Spinach,Veg,8.2,221.4,13.7,6.9,125.2,822.6,10.9,3.2,2.7,15.3
Chocolate Coconut Macadamia Drops,Candy,Veg,6.66,259.0,22.9,7.7,2.4,35.6,14.1,2.2,11.7,2.6
Hershey's Chocolate Monkey Bread,Yeast Breads,Veg,6.41,153.2,7.7,4.9,20.3,70.4,21.9,0.2,21.4,0.2
Grilled Indian-Style Curry Yogurt Chicken,Poultry,Non-Veg,5.83,54.5,2.5,1.4,8.0,611.8,6.6,1.5,3.4,2.8
Mozzarella Tomato and Basil Salad,Vegetable,Veg,11.9,555.0,53.5,13.1,44.9,655.2,6.3,1.6,3.8,13.9
Mini Crab Cakes With Avocado Salsa,Lunch/Snacks,Non-Veg,6.78,54.2,2.7,0.5,34.0,90.9,3.7,1.1,0.8,4.1
Chicken Paprikash,Chicken,Non-Veg,16.25,426.9,32.2,12.3,116.1,583.3,7.5,1.1,3.9,26.1
Strawberry Scones,Scones,Veg,5.48,130.7,3.9,0.8,17.6,183.2,20.5,1.9,3.0,3.7
Honey Shortbread (Greece),Dessert,Veg,12.05,375.8,17.2,2.3,0.0,110.4,48.9,1.1,29.1,3.3
Lemon-Curry Deviled Eggs,Lunch/Snacks,Veg,5.13,89.5,6.4,2.3,214.1,137.5,1.2,0.1,0.7,6.5
Panda Inn's Sweet and Pungent Shrimp,Chinese,Non-Veg,11.85,366.5,7.5,0.9,143.2,1453.4,53.0,0.7,20.5,17.1
Banana Smoothie,Beverages,Veg,6.14,251.1,6.9,4.3,26.0,93.7,42.6,3.2,29.5,8.3
Deep-Fried Jalapeno Slices,Lunch/Snacks,Veg,13.86,1152.6,111.9,15.0,93.0,632.4,29.2,2.1,1.4,7.2
Mustard Lemon Chicken,Chicken Breast,Non-Veg,17.98,338.2,22.5,5.0,92.8,479.7,2.4,0.1,1.7,30.3
Sage &amp; Sesame Rice,Low Protein,Veg,5.1,207.2,7.9,2.5,7.7,118.1,30.5,1.5,0.6,3.1
Persian Fruit  Salad  Desser Miveh,Fruit,Veg,9.44,458.7,12.8,1.1,0.0,84.2,88.6,12.4,67.4,8.3
Haven't Got Milk Macaroni and Cheese,Cheese,Veg,17.21,801.2,61.7,38.1,233.0,773.2,31.0,1.1,1.4,31.4
Coconut Corn Chowder,Chowders,Veg,11.84,604.8,23.9,16.3,0.0,466.5,91.9,7.8,59.0,11.9
Anna Belle's Fudge Pie,Pie,Veg,9.42,310.7,16.6,10.0,83.4,101.3,39.2,1.6,25.3,4.2
Daiq-Attack,Beverages,Veg,5.32,198.8,0.2,0.1,0.0,2.2,34.5,2.0,27.1,0.9
Garlic Bologna Sandwich With Serrano Mayonnaise,Lunch/Snacks,Non-Veg,19.0,852.6,36.6,9.5,39.4,2189.3,106.4,13.5,12.4,31.9
Easiest Crock Pot Chicken Alfredo,Chicken Breast,Non-Veg,16.93,309.4,18.0,7.7,111.2,869.6,7.8,0.0,1.4,28.0
Little Smokies Football Wienies,Weeknight,Veg,8.47,460.4,29.7,10.3,69.7,1564.3,35.1,0.5,25.5,13.5
Gobhi Korma,Breads,Veg,6.46,139.8,8.9,1.2,1.1,77.0,13.3,4.7,5.5,4.7
Fiesta Taco Casserole,One Dish Meal,Veg,15.01,576.8,27.9,14.2,118.3,1348.0,45.0,10.6,5.5,40.0
Crunchy Chocolate Dipper Sticks,Lunch/Snacks,Veg,6.77,275.6,17.5,10.1,0.0,6.2,35.8,3.4,30.9,2.4
Spicy Sweet Steak Sauce,Sauces,Non-Veg,6.43,154.1,0.0,0.0,0.0,685.0,41.1,0.1,33.7,0.2
Roast Beef Bruschetta,Roast Beef,Non-Veg,15.51,638.6,25.6,9.9,72.1,905.4,72.5,5.6,3.1,29.9
Whole Wheat Pancakes With Blueberry Compote,Breakfast,Veg,9.82,474.3,19.0,2.1,105.8,1035.7,66.8,6.2,27.2,13.2
Fry Jacks(Belize),Breakfast,Veg,18.39,1030.2,15.2,4.1,0.0,1682.7,194.1,6.8,0.7,25.8
Greek Village Salad With Grilled Pita Bread,Peppers,Veg,9.52,361.0,29.6,10.9,50.7,894.7,15.6,4.2,8.6,10.4
Macerated Strawberries,Dessert,Veg,9.96,60.8,0.3,0.0,0.0,1.3,15.6,1.8,13.1,0.6
"Basil, Garlic Plus Mashed Potatoes",Potato,Veg,6.78,257.3,1.1,0.5,3.1,363.4,52.8,6.6,4.3,10.6
Gooey Caramel Coconut Bars,Bar Cookie,Veg,5.69,53.9,2.7,1.0,0.1,39.7,7.8,0.4,1.4,0.5
Fresh Spring Rolls With Sweet and Sour Dipping Sauce,Thai,Veg,6.38,67.4,0.3,0.1,2.2,119.0,16.0,0.3,15.2,1.1
Mocha Mix,Beverages,Veg,6.17,68.1,0.4,0.2,0.7,30.8,15.4,0.8,13.1,2.1
Chicken Kebabs,Chicken Breast,Non-Veg,19.02,305.6,5.2,1.1,131.7,683.9,8.1,1.0,5.3,53.9
Streusel Pumpkin Pie,Pie,Veg,9.62,473.1,22.2,7.2,36.5,413.7,64.2,7.0,27.1,6.8
Angel Dip,Dessert,Veg,10.0,178.8,10.0,6.2,31.2,103.8,20.4,0.0,11.7,2.3
Crushed Strawberries and Cream,Dessert,Veg,8.88,239.6,16.9,10.3,61.1,18.5,22.5,2.9,16.8,1.9
Venison Kabobs,Deer,Non-Veg,10.62,767.5,82.0,10.7,0.0,587.1,8.5,2.0,4.0,2.0
Chili Cheese Frito Burritos,Cheese,Veg,12.11,676.6,37.2,13.7,54.5,1625.2,66.4,8.5,2.6,23.0
Italian Eggplant Patties (Polpettti De Melanzane),Lunch/Snacks,Veg,10.66,638.1,57.1,7.9,46.7,935.8,29.0,10.3,7.6,7.1
Redi-Burger Patty Melt,Lunch/Snacks,Veg,6.83,228.0,4.1,0.4,1.6,604.3,36.9,5.5,3.4,10.6
Grilled Pork Chops,Pork,Non-Veg,21.06,523.8,27.6,9.0,206.0,666.7,3.0,1.4,1.1,62.5
Maple Butternut Squash Puree [ Lactose-Free ],Vegetable,Veg,6.91,224.0,7.0,4.1,16.4,166.2,42.8,5.8,12.3,2.9
Sausage in Sunshine,Breakfast,Non-Veg,5.46,145.9,10.5,4.7,261.2,172.6,0.6,0.0,0.3,11.5
Steamed Vegetable Platter With Lemon Garlic Dressing,Corn,Veg,6.14,168.6,3.0,1.0,3.3,310.6,30.5,5.0,9.5,10.2
Mashed Potatoes With Horseradish,Potato,Veg,9.41,409.1,22.9,14.2,71.3,149.3,48.2,4.6,3.2,5.2
Smoked Oysters and Bacon,Australian,Non-Veg,8.24,208.6,12.5,3.1,83.5,263.2,7.5,0.0,0.0,15.6
Ginger Honey Pork Ribs,Pork,Non-Veg,21.24,640.4,43.3,15.7,156.4,4788.9,20.7,2.0,13.0,42.1
Pasta Bolognese With Cheese,Penne,Veg,14.17,509.2,26.2,11.2,87.7,364.7,38.4,5.3,3.2,26.8
Party Pinwheels,Potato,Veg,6.37,100.8,7.1,3.3,23.7,176.2,4.9,0.4,1.0,4.3
"Red Snapper Fillets In Packages With Tomatoes, Olives & Capers",Vegetable,Veg,11.22,261.4,5.1,0.9,79.8,284.9,6.4,1.6,2.6,45.8
Low Carb Nearly Rice Pudding,Dessert,Veg,8.09,190.8,14.9,8.2,139.7,175.2,6.7,0.0,5.0,7.6
"Caramelized Chocolate, Banana and Marshmallow Sandwiches",Dessert,Veg,9.69,239.3,8.3,4.8,15.3,185.8,40.8,1.7,22.2,2.8
Swedish Pancakes,Breakfast,Veg,11.74,373.4,19.3,5.4,199.2,454.2,33.8,0.8,7.1,15.3
Chimichurri (From Eating Well),Sauces,Veg,6.29,48.7,4.6,0.7,0.0,226.9,1.3,0.5,0.1,0.5
Grilled Tuscan Salmon,< 30 Mins,Non-Veg,9.47,265.8,15.2,2.2,73.9,311.8,2.5,0.5,1.3,28.9
Eggs Monterey,Breakfast,Veg,12.72,433.5,31.5,17.9,337.8,836.6,8.1,0.5,2.4,29.3
Hot Salami Baguettes,Meat,Non-Veg,8.5,455.2,18.6,10.0,41.5,913.9,59.2,3.4,0.4,12.3
Bulghur Pilav,Grains,Veg,6.76,251.3,7.5,1.1,0.0,12.3,42.7,10.1,1.4,6.7
Crispy Chicken Flautas,Chicken,Non-Veg,11.53,292.8,10.6,2.8,62.0,148.5,26.1,4.2,2.5,23.8
Placerville Apple Hill Cake,Dessert,Veg,14.12,641.6,20.4,3.1,62.0,833.2,111.0,3.7,75.5,6.7
Zucchini Meatloaf,Vegetable,Non-Veg,8.75,204.3,10.1,3.9,108.2,444.2,7.8,0.7,3.7,19.7
Chocolate Chip Pecan Banana Bread,Quick Breads,Veg,13.2,953.5,50.3,22.3,166.8,754.4,122.7,6.6,75.5,12.1
Pom-Apple Cranberry Relish,Fruit,Veg,5.42,157.8,0.2,0.0,0.0,293.3,41.1,5.2,32.2,0.5
"Beauty Bonanza Juice (Cucumber, Avocado, Lemon)",Smoothies,Veg,8.36,428.7,30.3,4.5,0.0,27.3,44.4,18.1,12.8,8.6
Fried Cornbread With Corn and Chiles,Quick Breads,Veg,6.81,97.3,4.8,2.5,49.4,158.3,11.6,1.1,0.3,3.1
Baked Apple Pancakes,Breakfast,Veg,8.97,356.0,14.5,7.4,237.5,92.3,47.7,2.9,26.7,10.1
White Velvet Cutout Cookies,Dessert,Veg,9.14,92.1,5.5,3.3,18.6,47.6,10.0,0.2,4.9,1.0
Chunky Peanut Butter Chocolate Chip Sandies,Drop Cookies,Veg,5.09,172.5,11.9,5.5,14.6,44.3,15.9,2.0,7.0,4.0
Greek Chicken,One Dish Meal,Non-Veg,9.09,237.8,10.2,3.9,85.4,616.3,4.3,0.6,1.6,30.8
Spaghetti Puttanesca in 25 Minutes!,Spaghetti,Veg,12.02,511.0,12.4,1.9,10.6,751.8,81.7,5.6,5.0,18.2
Spicy Chicken Club Sandwich,Lunch/Snacks,Non-Veg,15.46,515.1,24.6,10.2,132.5,826.7,40.6,2.8,2.5,32.0
Farmer's Omelet,Breakfast,Veg,11.95,370.7,16.6,5.7,333.1,294.8,37.9,5.2,3.5,18.1
Oriental Meatball Soup,Chicken,Non-Veg,14.77,338.1,15.6,5.7,53.3,619.3,29.7,4.4,1.4,21.7
Sesame Brussel Sprouts,Vegetable,Veg,6.36,98.0,5.4,2.2,7.6,219.8,11.0,3.7,3.3,4.2
Easter Bunny Cupcakes,Dessert,Veg,9.19,104.9,2.7,0.6,1.4,150.7,18.9,0.2,12.9,1.3
Hearty Italian Sausage Casserole,Meat,Non-Veg,15.84,743.0,47.2,16.6,97.0,2076.3,42.4,7.4,11.8,37.9
3 Minute Microwave Choc Chip Brownie,Dessert,Veg,8.77,292.4,7.5,2.4,6.4,33.0,51.9,3.3,27.8,5.5
Egyptian Lahma Bil Basal (Beef in Rich Onion Sauce),Stew,Non-Veg,10.83,276.4,14.7,6.2,88.1,623.3,10.8,1.9,5.0,26.3
Brown Butter Rice Cereal Treats With Chocolate Drizzle,Dessert,Veg,8.14,173.8,6.1,3.8,12.6,64.4,29.7,0.1,18.6,1.2
Mom's Spaghetti Sauce,Sauces,Veg,19.43,1002.5,50.2,15.7,154.2,3359.7,90.4,21.5,55.3,60.9
Macaroni Goulash,Low Cholesterol,Veg,6.02,235.0,8.8,3.0,30.8,759.9,26.1,3.6,6.9,13.6
Choc Mint Cheesecake Slice (Bars),Dessert,Veg,14.16,785.6,54.4,31.8,290.4,205.9,67.3,2.6,46.0,12.2
Banders Black Bean Soup,Black Beans,Veg,11.77,477.1,16.6,4.0,11.6,606.7,60.5,21.0,3.9,24.4
Autumn Romance Vegetable Stew Provencale,Stew,Veg,5.42,270.7,16.7,4.8,19.3,749.9,21.8,5.4,8.6,7.0
Cream Puffs,Dessert,Veg,8.8,217.7,11.9,6.8,128.3,362.8,23.3,0.3,13.6,4.2
Vitamin Rich Vegetable Soup,Lunch/Snacks,Veg,5.17,197.9,1.1,0.2,0.1,1077.4,44.0,9.4,7.3,7.0
French Toast Extraordinaire,Breakfast,Veg,14.85,677.2,27.3,13.7,269.4,1054.3,80.4,3.9,14.2,25.7
Devil's Advocaat,Beverages,Veg,6.47,60.1,3.4,2.1,12.8,45.0,4.5,0.0,0.2,3.0
Rillettes (Anthony Bourdain at Les Halles),Spreads,Veg,16.37,1236.2,127.3,53.8,184.1,367.5,0.2,0.1,0.0,20.4
Peanut Butter Marshmallow Cookie Bars,Bar Cookie,Veg,5.82,236.1,8.8,2.9,7.9,220.8,36.0,0.9,21.1,3.9
Creamy Tomato Soup,Vegetable,Veg,6.23,278.3,22.5,13.8,81.5,1254.1,18.7,3.1,10.5,4.0
Hamburger Soup,Low Cholesterol,Non-Veg,8.5,212.2,7.3,2.9,44.2,743.0,18.8,3.9,6.3,18.3
Three Cheese Steak Sandwich,Lunch/Snacks,Non-Veg,15.5,557.8,41.5,21.8,131.9,632.2,5.9,0.2,1.1,38.8
Ginger Snappy Pumpkin Bread,Quick Breads,Veg,6.28,159.1,6.3,3.6,37.7,227.2,23.9,0.4,13.0,2.3
Asian Style Pork and Noodle Bowl,Vegetable,Non-Veg,13.73,429.1,16.6,4.1,89.8,1354.2,44.1,4.1,5.1,26.8
Apple Bread,Quick Breads,Veg,5.6,281.2,13.7,1.9,27.9,195.2,36.8,1.1,21.5,3.4
Dave's Yeast Rolls,Yeast Breads,Veg,5.17,123.1,2.6,1.4,20.9,80.4,21.2,0.8,4.2,3.5
Bestemor's Norwegian Waffles,Breakfast,Veg,6.81,276.3,13.8,7.5,100.8,251.8,32.3,0.7,14.7,6.0
All American Chicken Fried Steak With Cream Gravy,Steak,Non-Veg,23.15,1617.3,149.9,21.0,40.8,610.3,59.0,2.2,7.1,12.5
Spanish Potatoes,Potato,Veg,5.06,234.3,7.2,1.0,0.0,112.3,40.2,6.1,3.2,5.2
Gluten-Free Waffles,Breakfast,Veg,5.73,263.8,17.2,9.9,372.0,603.0,14.7,0.1,13.1,13.0
Pineapple Coconut Pie,Pie,Veg,18.62,2715.1,189.4,100.7,667.0,1747.4,235.1,15.6,137.5,29.3
Spicy Chicken Chipotle Soup,Chicken,Non-Veg,18.04,472.7,16.2,3.0,138.9,500.6,19.2,2.7,9.2,60.3
The Fish Market Au Gratin Potatoes,Potato,Non-Veg,9.13,316.0,17.8,11.2,54.5,466.1,28.9,2.7,1.0,11.0
Orange Mango Margarita,Beverages,Veg,6.18,15.8,0.1,0.0,0.0,0.5,3.9,0.1,2.7,0.2
Easy and Light Horseradish Sauce,Sauces,Veg,6.09,84.5,7.4,4.5,23.6,206.0,3.0,0.2,0.4,1.9
Saffron Butter,Onions,Veg,14.53,1662.1,184.3,116.6,488.1,1630.4,8.0,0.6,0.3,3.3
Easy Christmas Holly Bundt Cake,Dessert,Veg,12.86,362.9,11.6,2.0,0.0,366.8,62.8,0.4,50.5,2.0
Pomegranate Simple Syrup &amp; Sparkle Wine Cooler,Punch Beverage,Veg,9.63,484.6,0.0,0.0,0.0,5.9,103.0,0.0,101.0,0.1
Chocolate Banana Pudding Pops,Frozen Desserts,Veg,8.04,77.1,0.4,0.2,1.7,41.8,17.1,1.5,10.3,2.6
Turtle Cheesecake - Quick and Easy,Cheesecake,Veg,14.93,684.4,49.1,16.6,112.1,453.3,57.2,2.9,41.7,10.0
Savory Monkey Bread,Breads,Veg,11.51,510.3,33.1,15.5,49.9,1240.2,46.7,0.8,8.0,7.4
Taco Seasoning (Salt Free),Low Cholesterol,Veg,5.91,6.1,0.2,0.0,0.0,6.8,1.2,0.4,0.1,0.2
Kittencal's Moist Turkey Burgers for the Grill (Low Fat),Poultry,Non-Veg,8.64,235.0,10.3,2.8,124.8,235.3,10.3,0.8,3.7,25.0
"Spinach, Feta, and Sun-Dried Tomato Phyllo Triangles",Spinach,Veg,12.8,745.8,51.3,29.5,266.8,1385.7,52.5,6.3,5.2,22.1
Baked Salmon With Couscous Pilaf,One Dish Meal,Non-Veg,8.15,357.5,10.6,1.1,0.0,60.0,58.4,7.0,14.8,9.8
Lomo Saltado With Mushrooms and Onion,Pork,Non-Veg,19.83,450.8,20.0,5.5,124.0,1081.9,20.4,1.5,2.1,45.1
Figs in Mavrodaphne Wine With Manouri Cheese,Dessert,Veg,14.14,488.2,27.8,17.4,72.6,1098.1,34.7,0.2,24.4,22.5
Jamie Oliver Crunchy Garlic Chicken Nuggets,Chicken,Non-Veg,9.65,162.6,14.0,8.1,123.5,138.9,6.4,1.0,0.9,4.1
Pizza Dough,Grains,Veg,5.23,165.2,2.7,0.4,0.0,195.9,30.3,1.3,0.3,4.3
Entenmann's Chocolate Chip Cookies,Dessert,Veg,9.67,138.1,7.2,2.6,8.8,100.0,18.5,0.8,12.2,1.5
Chocolate Milk Mix No Bake Cookies,Dessert,Veg,8.62,125.1,5.0,2.2,7.2,72.2,18.8,1.0,13.6,2.2
Berthas Meatballs,Meat,Non-Veg,12.01,399.9,18.8,7.9,177.7,500.6,21.0,1.4,1.9,34.4
Grilled Beef Filet With Crab Cakes and Caramelized Onion Sauce,Crab,Non-Veg,22.76,771.1,60.8,33.1,342.8,1818.0,17.1,1.3,2.6,39.2
Pasta With Artichokes,European,Veg,9.34,459.3,19.3,11.6,57.0,126.7,61.2,6.0,4.0,12.0
Peppermint Cream Sauce,Dessert,Veg,9.11,58.5,4.2,2.6,15.3,9.2,5.2,0.0,2.9,0.3
Pickled Cucumbers (From Scott's Nana),Vegetable,Veg,5.27,67.9,0.3,0.1,0.0,1753.8,15.7,1.6,8.3,2.2
"Ginger-Sesame Chicken With Bok Choy, Onion and Mushrooms",Poultry,Non-Veg,17.44,526.8,27.8,2.9,109.0,1923.9,23.2,3.6,13.4,47.0
White Chocolate Wedding Cake,Dessert,Veg,11.07,350.7,13.6,6.5,57.1,282.7,52.3,0.7,33.2,5.4
Herb Roasted Turkey,Whole Turkey,Non-Veg,19.87,938.9,50.3,16.9,380.5,1012.5,5.5,1.4,2.3,108.9
Pollo Bucco Alla Milanese,Chicken Thigh & Leg,Non-Veg,19.59,583.6,41.8,9.8,157.9,150.0,6.5,0.4,0.9,33.3
Eggplant Parmesan,One Dish Meal,Veg,13.12,446.3,25.8,14.3,171.3,955.9,24.1,5.5,6.6,30.7
Asian Vegetable Stir-Fry With Sugar Snap Peas and Baby Bok Choy,One Dish Meal,Veg,6.95,157.1,4.5,1.0,27.8,357.3,18.5,5.1,8.7,12.4
Potato and Cheese Omelette,Potato,Veg,14.84,599.8,35.5,19.1,489.7,780.4,42.7,4.7,2.4,28.1
Saute of Chicken With Soy Sauce,Chicken Breast,Non-Veg,10.2,151.5,8.0,1.8,25.9,665.7,8.7,1.2,3.4,11.4
Mina's Ham and Potato Chowder,Ham,Non-Veg,8.11,219.8,9.7,5.2,45.8,1097.8,18.4,2.7,3.7,15.2
Bruschetta With Lima Bean Salad and Lemon Shrimp,Lunch/Snacks,Non-Veg,12.17,656.9,26.1,9.7,51.8,844.1,85.7,8.8,0.4,20.1
Green Tea Cake,Dessert,Veg,22.96,2681.8,97.9,57.3,653.5,1722.6,404.7,5.8,131.8,45.5
Homemade Semolina  Pasta,Lunch/Snacks,Veg,5.67,52.8,0.7,0.2,23.2,21.1,8.9,0.5,0.0,2.3
Strawberry Cucumber Veloute,Berries,Veg,6.87,92.9,2.4,1.4,9.2,66.8,13.5,1.9,6.8,5.4
Linda's Simple Sloppy Joes,Lunch/Snacks,Veg,14.6,586.8,25.5,9.6,102.8,1045.9,53.9,2.8,21.6,35.6
Peanut Butter Cup Trifle,Dessert,Veg,13.23,732.2,38.9,19.1,63.6,621.5,88.0,3.4,31.5,12.2
Funny Pie,Pie,Veg,9.68,379.0,24.0,11.0,111.2,133.0,40.2,1.9,34.0,4.2
Curried Spinch Quiche / Frittata,Breakfast,Veg,8.83,191.0,12.5,5.2,324.8,342.0,4.0,1.3,0.9,15.3
Apple and Yam Side Dish,Yam/Sweet Potato,Veg,6.22,35.9,0.1,0.0,0.0,0.7,9.5,1.7,7.2,0.2
Raspberry Cupcakes,Cheesecake,Veg,8.73,82.5,6.4,3.4,8.8,101.8,4.8,0.8,2.9,2.0
Passover Apple Squares,Breakfast,Veg,6.31,279.9,14.2,1.7,70.5,157.7,37.4,3.7,21.8,3.7
Aegean Pasta Salad,Greek,Veg,11.92,469.2,27.0,7.0,98.4,665.8,37.8,2.2,4.9,19.2
Creamed Chipped Beef  Sos,Breakfast,Non-Veg,16.28,746.3,43.2,26.8,219.0,3606.0,37.8,0.4,3.1,53.1
Weight Watchers Chili Lime Chicken 3 Points,Chicken Breast,Non-Veg,16.89,300.9,17.1,4.4,92.8,336.0,3.8,0.3,0.2,31.3
Mashed Rutabaga (Yellow Turnip or Swede) and Potato,Potato,Veg,6.04,208.5,11.6,7.1,35.6,126.8,24.5,4.6,9.7,3.6
Filet Mignon W/Balsamic Syrup &amp; Boursin Cheese,Steak,Non-Veg,25.53,519.3,41.4,18.8,123.8,341.2,7.9,0.0,6.3,27.6
Bisquick Chicken Fingers,Chicken Breast,Non-Veg,17.11,342.4,19.0,9.4,137.5,604.0,14.6,0.6,2.7,27.1
Blueberry Jello Salad,Gelatin,Veg,9.02,380.1,13.1,8.1,35.5,165.5,63.8,1.5,58.0,4.2
Bracha's Passover Turkey or Chicken Meatballs,Chicken,Non-Veg,13.55,236.5,10.8,2.9,132.8,102.7,7.9,1.1,2.0,26.9
Bourbon Brownies W/Praline Icing,Dessert,Veg,12.36,352.4,19.7,8.8,49.2,156.6,42.8,1.7,33.1,3.3
Twelfth Night Cake or King Cake(Galette Des Rois),Pie,Veg,9.54,379.1,29.3,8.0,85.7,161.8,20.5,2.5,1.6,9.4
Thin Pancakes,Breakfast,Veg,6.58,67.7,3.9,2.2,35.5,66.5,6.0,0.2,0.1,2.2
Maple Bran Muffins,Quick Breads,Veg,6.88,122.1,2.3,0.5,24.8,105.4,23.6,0.8,13.7,2.7
Southwestern Chorizo Tostada Bites,Southwestern U.S.,Non-Veg,6.05,98.6,5.1,2.1,10.2,187.9,9.2,0.9,0.6,4.0
Quick Oatmeal Egg Pancake,Breakfast,Veg,5.32,224.2,7.8,2.1,186.0,72.3,28.4,4.0,0.8,12.1
Blind Willyz Chili Powder,Tex Mex,Veg,5.09,1.1,0.1,0.0,0.0,0.5,0.2,0.1,0.0,0.1
Albanian Tossed Salad,Greek,Veg,9.05,435.3,36.5,9.4,33.4,752.4,21.8,8.2,9.6,10.8
Crispy Ranch Fries,Potato,Veg,6.5,280.0,12.3,2.2,5.1,790.0,41.2,2.5,6.8,3.3
Sour Cream Coffee Cake,Breads,Veg,19.35,5054.9,286.2,154.7,1016.3,3215.0,590.7,14.5,377.7,53.1
Salsa Salad,Sauces,Veg,9.48,316.8,13.6,4.3,14.8,114.7,43.0,11.3,6.5,12.4
A Very Special Gnocchi,One Dish Meal,Veg,10.52,369.9,23.1,10.9,83.7,420.1,15.5,1.5,1.6,24.8
Vegan! Raspberry Blackout Cake With Ganache-Y Frosting,Dessert,Veg,11.61,456.8,20.3,7.0,9.9,265.4,69.8,3.5,47.2,4.8
Spinach-Apple Salad With Roquefort Cheese,Apple,Veg,6.99,70.8,0.3,0.1,0.0,36.6,17.6,2.7,13.3,1.4
Pistachio Yogurt Muffins,Quick Breads,Veg,9.3,464.8,21.8,3.3,67.3,419.1,57.0,3.4,20.4,12.0
Pumpkin Custard,Dessert,Veg,9.33,200.6,2.0,0.7,73.1,128.5,37.5,0.5,32.1,9.2
Grilled Lamb Burgers,Lamb/Sheep,Non-Veg,20.04,498.9,27.5,11.7,82.8,681.2,36.5,1.9,2.3,24.6
Tuna Melts,Lunch/Snacks,Non-Veg,10.98,325.2,16.0,9.2,50.4,1263.2,20.1,1.7,3.0,25.0
Broccoli/Carrot Soup,Cheese,Veg,6.6,199.9,9.8,6.0,31.3,369.2,20.8,4.4,6.9,9.3
Cha-Cha Chili,Poultry,Veg,13.6,341.3,13.1,3.3,100.5,406.1,33.6,6.3,9.1,27.8
Thai-Flavoured Prawn Salad (21 Day Wonder Diet: Day 14),Lunch/Snacks,Non-Veg,11.11,372.9,3.4,0.6,157.5,734.5,61.9,3.9,2.8,23.4
Coconut Bread Pudding,Dessert,Veg,15.57,731.9,33.0,23.1,160.6,392.9,95.5,4.3,66.2,15.1
Pierogies With Creamy Mushroom and Sherry Sauce,One Dish Meal,Veg,5.31,71.3,2.5,0.9,4.5,73.0,8.0,0.9,4.1,3.5
Weight Watchers Italina Spinach and Tortellini Soup,European,Veg,19.02,871.6,59.7,35.9,166.6,16444.5,31.1,2.3,20.2,54.1
Scotcheroos - My Mother-In-Law's Recipe!,Bar Cookie,Veg,6.57,282.4,12.7,6.0,5.0,120.9,40.5,1.3,25.8,4.3
Carrot Salad,Vegetable,Veg,6.19,101.0,6.9,0.9,0.0,196.1,9.8,1.3,6.7,0.7
Low Sodium Barbecue Sauce,Low Protein,Veg,6.6,59.6,0.1,0.0,0.0,9.0,14.8,0.3,12.7,0.4
Microwave Peanut Brittle,Candy,Veg,6.64,277.9,13.9,2.9,5.1,186.0,36.0,2.1,25.9,6.3
ITALIAN STYLE BRUSCHETTA,European,Veg,11.89,429.7,7.5,1.4,0.0,805.8,75.4,3.9,5.2,15.7
Hamantashen,Dessert,Non-Veg,9.65,172.8,5.6,3.4,25.3,145.7,27.9,0.6,11.8,2.6
Filled Champignons With Cheese Lid,Vegetable,Non-Veg,6.96,246.3,22.4,13.8,81.5,509.0,9.8,2.8,3.4,4.3
Star Anise Spiced Cranberry Sauce W/ Ruby Port,Vegan,Veg,8.96,454.9,0.2,0.0,0.0,81.7,118.2,6.7,105.9,0.6
Gluten Free  and Dairy Free Cupcakes / Muffins,Dessert,Veg,8.27,147.7,8.2,4.5,108.3,198.5,15.8,0.5,13.6,3.4
Soused Strawberries,Strawberry,Veg,6.99,8.1,0.1,0.0,0.0,0.2,1.9,0.5,1.2,0.2
Lemon Herby Baby Potatoes,Potato,Veg,6.81,157.7,8.8,1.2,0.0,12.1,18.5,2.8,2.3,2.1
Canadian Cheddar Cheese Soup,One Dish Meal,Veg,10.36,420.8,32.5,20.3,99.7,1212.8,13.3,0.7,1.7,19.6
Easy Cheesy Chicken & Pasta Veggie Skillet,One Dish Meal,Non-Veg,12.63,406.9,14.4,6.9,82.4,1008.8,42.7,3.5,3.9,29.5
Jane Davis's Brownies,Bar Cookie,Veg,5.62,160.1,10.3,6.1,54.9,97.6,17.4,1.1,14.1,2.2
Easy Ghee Pancake,Breakfast,Veg,5.78,142.8,4.4,2.4,40.5,345.3,20.6,0.6,4.5,4.5
Seafood Pasta,One Dish Meal,Veg,11.15,513.8,11.8,1.7,0.0,150.9,82.3,4.7,6.5,14.2
Coconut Cupcakes,Dessert,Veg,9.28,230.7,14.6,10.2,62.5,76.5,23.1,1.2,13.0,3.0
Portobello &quot; Pizzas &quot; With Tomato Bruschetta,Lunch/Snacks,Veg,5.44,175.8,11.4,6.1,36.4,354.3,3.8,0.6,1.8,14.7
Salt-Rubbed Roast Chicken with Lemon &amp; Thyme,Chicken,Non-Veg,23.53,941.1,68.5,22.6,320.6,5512.4,3.0,0.8,0.4,74.4
White Wine Shallots Sauce With Lemon and Capers,Sauces,Veg,5.97,211.5,16.2,8.0,30.5,617.8,6.7,0.7,1.0,1.2
Cowboy Hash,Breakfast,Veg,9.43,344.6,21.9,6.1,29.3,421.6,26.4,3.4,2.1,11.1
Turtle Cheesecake,Cheesecake,Veg,14.32,725.5,48.5,22.0,135.2,383.6,65.6,2.8,37.1,10.8
3 Layered Chocolate Delight Dessert,Low Protein,Veg,9.58,364.2,21.8,11.8,49.7,396.4,38.3,1.3,23.4,5.2
Grilled Curry Chicken Skewers,Curries,Non-Veg,9.62,237.5,8.8,1.4,65.8,566.7,11.8,2.5,5.8,28.4
Ramsay's Sticky Chicken Drumsticks,Chicken,Non-Veg,16.4,355.2,16.3,4.0,118.3,1238.6,23.1,0.6,21.6,29.4
Green Beans With Tomatoes and Feta Cheese(Fasolakia Me Domata Ka,Vegetable,Veg,6.67,164.6,9.6,5.0,26.8,738.9,15.3,5.2,6.5,7.2
Crock Pot Beef and Mushroom Soup,Steak,Non-Veg,24.24,360.1,10.7,3.5,102.0,1623.1,21.3,2.9,9.5,45.1
Cherry Nut Bars,Bar Cookie,Veg,5.81,123.7,5.9,3.2,12.7,71.9,17.0,0.7,6.9,1.2
Spicy Red Pepper and Jalapeno Hummus,Vegetable,Veg,5.05,91.3,2.6,0.3,0.0,342.2,14.3,2.9,0.5,3.1
Chicken Madeira,Chicken,Non-Veg,23.04,1011.6,45.9,15.7,212.0,1609.7,15.7,1.9,5.6,69.6
George Foreman Grill Breakfast Sandwich,Breakfast,Veg,13.59,481.6,24.9,11.5,424.2,1012.6,28.3,4.0,4.2,34.8
Easy Frozen Fruit Salad/Dessert,Dessert,Veg,12.65,480.0,13.0,7.9,26.3,89.8,91.5,3.7,62.5,3.8
Apricot Glazed Pork Kabobs,Pork,Non-Veg,17.88,518.2,20.2,8.6,86.7,137.7,64.6,0.3,36.8,23.2
Zesty Lemon Pepper Chicken,Chicken,Non-Veg,11.94,252.2,17.2,3.4,46.4,630.9,10.1,2.9,2.4,16.5
The Best Peanut Butter Oatmeal Chocolate Chip Cookies!,Dessert,Veg,8.58,295.2,17.0,4.7,15.5,151.0,33.5,1.9,22.1,5.1
Parsnip Croquettes,Vegetable,Veg,5.94,231.9,9.8,5.5,82.3,300.8,32.9,7.7,7.5,4.8
Orange Cinnamon Instant Coffee Mix,Beverages,Veg,5.58,66.8,1.7,1.1,6.2,24.6,10.9,0.0,10.0,1.9
Gammon Steaks With Pineapple,Lunch/Snacks,Non-Veg,7.42,243.0,14.2,3.3,237.2,794.3,11.0,1.2,8.2,17.9
Braised Lamb Shanks,Lamb/Sheep,Non-Veg,30.89,870.0,42.5,15.0,242.1,1745.8,21.1,4.4,9.2,76.7
Eggplant Curry,Stew,Veg,9.04,333.8,12.4,1.1,0.0,24.4,56.9,26.2,27.7,8.9
Apple Butter Pumpkin Pecan Streusel Pie,Pie,Veg,20.81,3449.8,153.5,56.6,722.7,2765.4,471.3,24.2,277.3,61.9
Granny Smith Apple Pie Cupcakes,Dessert,Veg,11.47,344.4,22.9,14.1,89.2,78.2,33.6,0.9,23.5,2.9
Salty Papusas,South American,Veg,5.08,104.0,1.1,0.1,0.0,2.3,21.7,1.8,0.0,2.6
Big Chocolate Chip Cookies,Dessert,Veg,12.77,327.7,16.3,8.1,34.0,76.5,42.5,1.9,27.6,3.3
Tarragon Chicken Triest,Chicken Breast,Non-Veg,18.4,663.3,40.7,20.7,151.0,184.7,11.9,0.8,2.4,36.1
Apple Spiced Honey Iced Tea,Beverages,Veg,6.69,116.3,0.2,0.0,0.0,7.0,30.2,0.3,29.0,0.1
Cauliflower in Chilli Butter Sauce,Cauliflower,Veg,6.8,241.9,23.2,14.7,63.3,238.7,5.4,2.5,2.4,5.1
Australian Stuffed Cucumbers,Australian,Veg,6.52,94.6,8.8,4.2,23.0,116.6,3.0,0.5,1.6,1.8
Peppered Lamb Chops,Lamb/Sheep,Non-Veg,30.27,1255.7,105.3,47.2,295.9,273.9,4.4,0.8,0.5,63.6
Cucumber Dill Deviled Eggs,Breakfast,Veg,5.83,52.5,3.5,0.9,93.9,56.2,1.9,0.2,0.8,3.4
Glazed Lemon-Coconut Bars,Dessert,Veg,9.47,147.1,3.6,2.5,7.5,26.1,29.9,0.2,29.2,0.1
Broil a Perfect Steak,Steak,Non-Veg,20.48,178.0,5.8,2.2,79.0,61.0,0.0,0.0,0.0,29.4
Lemon &amp; Spinach Stuffed Basil Chicken Breasts,Chicken Breast,Non-Veg,13.09,250.1,8.9,1.5,98.7,777.2,0.6,0.3,0.1,39.6
Pesto-Zucchini Quesadillas,Lunch/Snacks,Veg,5.14,157.7,6.5,1.2,0.0,228.3,21.6,3.3,2.1,4.0
Caramel Apple Sticky Buns (Pampered Chef),Breads,Veg,11.64,717.8,38.7,20.4,61.0,1383.6,87.4,2.5,41.8,8.2
Lemon Waffles,Breakfast,Veg,9.8,400.5,18.2,10.7,129.6,840.8,49.3,1.2,20.3,9.9
Chinese Chicken Noodle Salad,One Dish Meal,Non-Veg,7.03,282.9,6.9,1.5,39.2,727.0,33.2,2.0,4.6,20.6
Gnocchi (Gluten Free),European,Veg,6.26,205.7,3.4,1.6,52.0,701.5,36.2,3.0,1.1,7.5
Mean Chef's Oatmeal Pecan Chocolate Chunk Cookies,Drop Cookies,Veg,8.47,364.9,22.7,11.2,39.4,142.8,40.9,4.7,19.4,6.0
John's Garden Has Over-Produced Casserole,One Dish Meal,Veg,7.53,238.2,11.9,4.5,51.4,359.8,17.7,5.4,10.2,17.2
Berries 'n' Custard Parfaits,Dessert,Veg,11.28,333.9,26.1,15.2,247.5,31.6,17.2,0.0,14.5,3.7
Real Deal Enchiladas,Meat,Non-Veg,20.46,866.9,58.2,22.1,136.4,1264.0,42.7,3.9,3.0,42.2
Left over Steak With Caremelized Onion and Cheese Sauce,One Dish Meal,Non-Veg,6.62,265.2,21.9,13.6,68.3,268.9,8.8,0.5,2.6,8.8
Boboli Pizza Crust Clone,Yeast Breads,Veg,5.73,285.2,5.5,0.9,1.0,407.9,50.5,2.1,2.3,7.5
Tomato and Red Onion Salad,Onions,Veg,6.38,124.0,10.4,1.4,0.0,303.7,7.3,1.9,3.8,1.4
Creamy Black Olive Dip,< 15 Mins,Veg,6.94,120.2,11.5,5.9,32.3,199.3,2.9,0.5,1.1,2.1
Cabbage and Peanut Coleslaw,Greens,Veg,8.88,307.3,23.7,4.6,12.6,552.2,19.5,5.9,7.5,9.1
Gluten-Free Potato Chip Cookies,Dessert,Veg,8.45,93.1,4.1,2.5,19.0,59.2,13.6,0.3,8.7,0.8
Smokey Seasoned Salt,Tex Mex,Veg,6.32,274.6,4.2,1.2,0.0,175992.9,67.8,18.8,18.8,6.8
Stuffed Grape Leaves Lebanese,Pork,Non-Veg,9.64,250.6,12.9,4.9,33.1,1333.9,24.7,1.6,1.5,11.5
Aunt Joan's Cinnamon Rolls,Breads,Veg,5.41,238.6,4.3,1.0,10.6,161.8,45.4,1.1,16.9,4.7
Stuffed Squid Served With Honey Mustard Sauce.,Squid,Non-Veg,6.32,163.0,8.2,5.7,33.4,423.5,16.8,1.9,13.8,7.0
Emeril's Smoked Gouda Macaroni,Low Cholesterol,Veg,15.02,692.5,21.5,12.8,70.2,902.0,95.9,3.8,2.7,27.4
Black Bean Corn Salad,Low Cholesterol,Veg,6.85,200.2,8.3,1.2,0.0,13.9,29.3,8.7,2.6,6.6
Grilled Cabbage Packets,Vegetable,Veg,6.76,174.8,11.9,7.3,30.5,124.4,17.1,6.1,10.0,4.0
Easy Smoked Sausage Creole,One Dish Meal,Non-Veg,14.04,516.3,41.0,13.5,77.4,2015.0,10.2,1.9,4.7,26.5
Iraqi Shorbeh- Easy Lentil Soup,Lentil,Veg,13.08,458.6,1.4,0.2,0.0,1180.3,78.5,39.3,3.2,33.2
Maple Pork and Apples,German,Non-Veg,15.4,474.6,23.9,9.6,152.6,186.4,22.0,2.0,18.1,41.6
Cinnamon Zucchini Blondies,Bar Cookie,Veg,5.66,232.5,8.0,1.4,20.7,245.8,37.5,1.4,24.6,3.7
Healthy Sandwich,Lunch/Snacks,Veg,6.69,275.5,8.5,1.2,0.0,388.1,43.9,10.6,1.5,8.6
Baja Black Bean & Corn Salsa,Sauces,Veg,5.82,154.9,2.7,0.4,0.0,11.3,28.3,7.3,3.3,7.5
Challah (Braided Egg Bread),Breads,Veg,18.62,1431.5,36.7,6.0,232.5,1849.9,234.6,10.6,38.3,39.4
Golden Spice Mix,Low Cholesterol,Veg,6.48,59.3,1.2,0.3,0.0,2368.2,12.6,4.0,1.0,2.1
Dilled Egg Salad,< 30 Mins,Veg,6.5,273.4,20.3,4.0,287.4,1009.1,11.4,2.1,3.3,12.5
Vinaigrette Dressing for a Crowd,Salad Dressings,Veg,5.94,67.5,7.1,1.2,1.8,48.9,0.4,0.1,0.1,0.8
Hot Stuff! Cypriot Stuffed Aubergines and Minty Cumin Yoghurt,One Dish Meal,Veg,9.22,323.8,7.1,1.0,0.0,55.8,60.0,26.6,21.9,14.7
Chicken With Orange-Soy Salsa (Light),Chicken Breast,Non-Veg,17.31,361.0,15.0,4.1,92.8,431.4,24.6,0.7,19.4,31.6
Anginares Me Araka (Artichoke and Pea Stew),Stew,Veg,8.7,440.5,23.0,3.3,0.0,212.8,53.4,27.8,13.0,13.2
Williamsburg Orange Cake,Dessert,Veg,13.77,573.4,19.5,4.3,54.1,355.3,94.9,2.1,63.5,8.0
Broccoli-Cheddar Puff,Cheese,Veg,6.99,218.9,13.3,7.4,130.4,339.1,14.2,1.7,1.4,10.9
Blueberry Upside Down Cake,Dessert,Veg,11.35,354.2,13.8,8.4,55.2,280.8,55.7,1.5,32.3,3.8
Chinese 5 Spice,Low Cholesterol,Veg,6.55,7.0,0.3,0.0,0.0,1.5,1.2,0.7,0.1,0.3
Pat's Pan-Fried Catfish,Catfish,Non-Veg,16.75,1669.8,142.3,35.9,144.3,1126.3,84.4,3.9,4.8,17.2
Alaine's Tangy Stove Top Sweet Potatoes,Yam/Sweet Potato,Veg,9.58,354.5,13.7,8.6,38.5,228.7,54.1,6.0,19.1,5.6
Argentinian Tropical Tincho,Beverages,Veg,6.4,153.9,0.1,0.0,0.0,14.4,11.3,1.9,2.7,0.6
Chocolate  Mug Cake,Dessert,Veg,16.92,969.9,58.0,13.5,192.4,102.9,103.1,4.7,68.0,14.6
Noodle Pudding,Dessert,Veg,14.05,568.4,47.1,28.2,195.1,421.1,32.3,0.6,19.4,6.4
Fantastic Low-Fat Banana Bread,Quick Breads,Veg,6.97,130.4,1.4,0.3,0.2,212.3,27.3,0.7,14.0,2.5
Sweet Potato Balls,Low Protein,Veg,6.24,21.6,0.8,0.3,0.0,8.4,3.4,0.7,0.6,0.5
Spring Seafood Stew,Stew,Veg,12.37,308.7,9.3,4.2,172.9,606.7,11.8,1.5,3.3,33.1
Sarah/Season's Sandwich for a Crowd,Breads,Veg,15.42,556.9,14.8,6.5,60.9,1229.5,74.3,3.2,4.2,31.7
Mama's Chess Pie,Pie,Veg,8.71,315.0,10.4,2.6,94.4,130.3,52.8,0.1,50.1,3.8
My Favorite Tangy Coleslaw,Low Protein,Veg,6.13,83.3,2.9,0.4,0.0,154.6,14.0,2.2,11.0,1.1
Stir-Fried Beef With Basil,Steak,Non-Veg,23.34,461.1,34.1,9.9,83.8,604.7,12.8,2.9,4.3,26.3
Indian Banana Lassi Shake,Shakes,Veg,11.58,561.8,22.9,14.2,89.9,223.2,78.3,4.1,62.2,14.5
Minted Peas and Wax Beans,Vegetable,Veg,5.82,258.5,7.2,2.5,7.6,234.1,37.3,13.7,12.9,13.5
Twig's Pasta Fagioli (Pasta Fazool),Beans,Veg,5.99,243.8,4.6,0.9,3.6,292.9,38.4,8.8,5.8,13.3
Salted Peanut Chews,Bar Cookie,Veg,5.05,248.3,13.6,3.1,5.3,272.5,27.6,1.6,14.5,5.7
Grilled Creole Mustard-Ginger Glazed Salmon,Creole,Non-Veg,12.56,310.8,6.9,1.2,65.2,278.2,33.4,0.6,22.6,29.8
Shalom Bayit Kugel (Potato Kugel),Potato,Veg,17.98,1182.9,25.9,5.6,475.9,2843.4,204.7,25.7,12.1,37.6
Sausage and Beans,Deer,Non-Veg,5.74,241.8,11.1,3.3,16.4,645.6,22.6,7.2,1.3,13.5
Italian Style Roast,One Dish Meal,Veg,16.08,781.4,31.7,12.3,104.8,1494.5,81.9,7.3,10.9,41.6
Lower Carb Chicken Tikka Masala With Raita,Poultry,Non-Veg,17.87,530.6,16.3,8.9,189.3,242.8,28.7,3.0,21.5,67.0
Robin's Fruited Scones,Scones,Veg,9.97,323.1,14.7,8.7,78.9,466.7,43.6,2.4,5.4,5.8
Pogacsa (Hungarian Cheese Biscuits),Breads,Veg,17.84,917.8,54.2,32.1,251.2,1594.8,79.6,3.1,3.0,27.4
Banana-Oat Bran Muffins,Quick Breads,Veg,6.6,126.5,0.8,0.2,0.3,250.2,29.7,2.1,11.4,3.5
Joy's Breakfast Burritos,Breakfast,Veg,19.33,1097.2,55.8,24.1,467.1,1439.8,97.2,6.5,5.8,50.8
Baked Frozen Peas,Vegetable,Veg,11.95,328.2,18.1,8.4,34.8,633.3,24.8,4.7,6.5,17.2
Sloppy Toms,Lunch/Snacks,Veg,13.98,368.4,17.1,3.9,104.4,994.5,24.6,4.4,17.0,33.1
Fiesta Pie With Chipotle Cornbread Topping,Meat,Non-Veg,15.15,700.0,45.3,22.5,191.4,997.1,42.2,5.3,11.5,33.4
Kittencal's Delicious Meaty Pasta Sauce,Vegetable,Non-Veg,13.46,496.8,30.9,8.6,70.7,2525.8,25.7,5.6,8.5,29.3
Easy Lemon Raspberry Pie (No Bake),Pie,Veg,8.31,336.9,21.2,12.1,35.5,385.6,33.8,1.4,13.2,4.5
Apple Celery Salad,Apple,Veg,6.87,75.9,2.8,0.4,1.9,127.1,13.5,2.4,9.0,0.7
Quinoa With Sweet Potato and Mushrooms,Yam/Sweet Potato,Veg,6.08,160.9,7.7,0.8,0.0,61.0,19.6,3.3,2.7,4.7
Baba's Perogies,Russian,Veg,11.42,398.2,1.6,0.7,8.1,867.5,77.3,3.8,3.7,16.9
So Easy Beef Pot Pie,Savory Pies,Non-Veg,9.94,468.9,23.8,6.6,70.0,1849.9,52.6,2.8,8.3,11.7
Nun's Revenge,Beverages,Veg,6.54,127.3,8.7,5.4,27.9,31.0,10.7,0.1,6.4,2.2
Classic Strawberry Jam,Strawberry,Veg,11.72,591.6,0.7,0.0,0.0,3.7,151.7,4.6,144.5,1.6
North Croatian Horseradish Sauce #2,Vegetable,Veg,6.05,155.8,8.9,5.3,24.6,793.0,17.0,2.7,6.0,3.7
Vegetable Pizza,Lunch/Snacks,Veg,5.47,157.0,9.1,4.9,35.7,214.0,13.0,1.1,1.6,5.9
5-Minute Oatmeal- Raisin Cookie Treat,Lunch/Snacks,Veg,6.86,141.3,1.4,0.2,0.0,149.1,30.6,2.4,15.0,3.0
Honey Lemon Apple Jam,Apple,Veg,14.52,1422.5,0.6,0.1,0.0,9.6,372.0,9.6,358.1,1.2
Rudolph's Christmas Sugar Cookies,Dessert,Veg,9.94,158.9,5.7,1.4,7.5,272.5,24.9,0.5,5.9,2.3
Wild Rice With Mushrooms,One Dish Meal,Veg,6.69,126.3,5.4,1.7,7.7,106.0,15.6,1.4,0.7,4.6
Mom-Mom's Carrot Cake,Dessert,Veg,13.51,608.5,35.1,10.1,101.5,378.1,69.4,1.3,51.6,5.9
Holiday Green Beans Almondine Casserole,Vegetable,Veg,5.27,286.9,24.3,2.1,2.5,115.7,12.5,5.4,2.6,9.3
Itsa Meatball,Meat,Non-Veg,12.23,345.4,13.3,4.7,122.9,2531.4,24.8,5.6,12.5,33.3
Scottish Fruited Gingerbread,Breads,Veg,5.52,177.2,5.5,3.2,39.2,125.3,30.3,1.1,12.5,2.9
Creamed Mushroom Puff,Breakfast,Veg,8.75,327.7,24.1,13.8,220.2,501.9,17.5,1.0,1.3,11.5
Maureen's Chicken Schnitzel-Lite,Chicken Breast,Non-Veg,13.6,261.9,7.7,1.8,123.3,312.8,13.8,1.0,1.2,32.3
Chocolate Chip Peanut Butter Cookies,Drop Cookies,Veg,5.13,187.7,11.5,3.6,8.8,82.2,20.3,1.1,12.9,2.7
After the Dance Cookies,Dessert,Veg,17.83,1179.8,78.5,6.7,0.0,58.2,123.1,10.5,111.2,11.9
Broccoli Puff Casserole,Vegetable,Veg,9.95,382.0,19.2,8.5,107.2,1167.0,39.3,2.7,5.6,13.7
Turkey Fiesta,Poultry,Non-Veg,7.09,279.4,15.0,4.9,43.7,888.9,18.2,2.6,3.1,17.9
Chicken &amp; Mushroom Risotto,One Dish Meal,Non-Veg,13.1,599.8,17.5,9.2,47.2,912.3,78.8,3.3,8.2,24.9
Olives and Tomato Salad,Onions,Veg,5.19,45.8,3.1,0.4,0.0,499.0,4.8,2.0,1.5,1.1
Puff Pastry Canapes,Dessert,Veg,11.21,434.1,28.5,8.4,38.9,211.6,36.6,1.8,9.2,9.3
Mustard Dip,Low Protein,Veg,5.67,59.0,3.7,0.5,2.5,79.3,6.7,0.1,4.8,0.2
Beans with Spinach (Lubya b' Selk),Stew,Veg,10.98,282.5,3.3,0.5,0.0,575.7,52.4,19.5,5.8,25.6
Espresso Chip Muffins,Quick Breads,Veg,5.93,256.4,11.6,6.9,58.4,313.9,35.2,1.1,17.2,4.2
Bat Eyes,Vegetable,Veg,6.41,69.7,6.9,3.7,20.8,93.0,1.0,0.1,0.6,1.2
Amy's Homemade All Day Spaghetti Sauce,Sauces,Veg,5.28,199.0,7.6,2.9,30.8,693.2,21.8,4.8,9.5,13.0
Mushroom Swiss Cheese Omelet,Breakfast,Veg,10.48,415.3,35.5,19.4,452.2,291.2,4.9,0.7,1.8,20.1
Spinach and Artichoke Wreath(Pampered Chef Copycat),Grains,Veg,9.73,327.0,12.8,4.9,51.5,605.1,40.8,7.6,4.8,13.7
Braised Swiss Chard With Raisins and Pine Nuts,Chard,Veg,5.7,96.0,6.5,0.7,0.0,206.8,8.9,2.2,4.0,2.7
Ratatouille (Crock Pot),Stew,Veg,6.23,195.7,10.5,1.5,0.0,434.0,24.9,9.0,13.1,5.4
Jackie's Macaroni and Cheese,One Dish Meal,Veg,18.65,958.0,45.6,16.7,164.7,1832.5,106.3,4.8,3.1,30.4
Fruit Salad With Pudding!,Fruit,Veg,5.69,73.9,0.2,0.1,0.0,86.1,18.7,1.4,15.9,0.6
Queen City Metts,Lunch/Snacks,Veg,5.31,57.8,0.1,0.0,0.0,5.5,5.7,0.4,0.0,0.8
Cheese bread,Breakfast,Veg,6.02,261.6,15.4,7.5,67.3,612.5,20.6,0.6,3.8,9.9
Wacky Lemon Cake With 7-Minute Lemon Frosting,Dessert,Veg,8.71,163.8,5.2,0.7,0.0,165.1,28.1,0.3,18.9,1.4
Sweet and Sour Chicken (or Pork),Chicken,Non-Veg,18.82,657.3,28.7,6.7,92.8,1540.4,66.8,2.5,41.0,34.2
Slow Cooker Lasagna,One Dish Meal,Veg,19.83,873.4,47.6,24.1,180.0,964.5,54.4,4.5,12.2,54.7
Berry &amp; Banana Smoothie,Smoothies,Veg,6.34,171.1,9.3,1.0,0.0,1.4,20.5,5.4,9.1,5.1
Fish Vinaigrette,< 4 Hours,Non-Veg,12.69,370.4,28.1,3.9,65.0,322.0,2.2,0.2,0.6,27.2
Baked Potato Skins,Potato,Veg,6.55,167.1,10.0,6.3,29.9,162.1,12.4,2.5,0.2,7.8
Curried Shrimp Potato Puffs #5FIX,Potato,Non-Veg,6.09,49.7,2.0,0.6,101.9,203.1,1.0,0.3,0.1,6.5
Curried Peanut Soup,Fruit,Veg,12.74,647.1,48.3,13.9,34.2,834.8,41.7,8.2,22.5,22.6
Smoked Ham & Split Pea Soup,Ham,Non-Veg,15.6,434.0,13.9,4.5,78.1,2283.7,38.2,14.9,5.9,40.2
"End-Of-The-Summer Tomato, Basil and Feta Pasta",Vegetable,Veg,12.62,645.9,21.9,6.5,25.6,534.4,97.5,11.9,6.1,23.2
Bisquick Pumpkin Bread,Quick Breads,Veg,19.72,3425.7,134.9,26.4,640.5,4637.6,521.9,18.6,337.0,48.0
Blueberry Muffins,Quick Breads,Veg,6.46,286.4,16.8,10.3,61.1,313.0,31.4,0.8,13.8,3.6
Sam Gugino's Chili Con Carne,Mexican,Veg,15.36,547.9,31.1,11.6,118.5,675.4,30.8,3.6,4.7,36.9
Easy Chicken Strips,< 30 Mins,Non-Veg,9.49,255.2,11.7,6.9,92.9,188.6,9.1,0.3,0.6,27.2
Glazed Tofu Sandwiches With Jicama Slaw,Lunch/Snacks,Veg,10.86,413.1,11.5,2.2,0.0,930.0,58.1,9.0,15.3,23.8
Nif's Eggnog Banana Bread,Quick Breads,Veg,5.51,264.1,8.1,0.9,31.0,289.1,43.4,0.9,26.1,3.3
Perfect Microwave Poached Egg,Breakfast,Veg,5.47,71.6,4.8,1.6,186.0,73.4,0.4,0.0,0.2,6.3
Bechamel (White Sauce),Sauces,Non-Veg,5.42,212.6,16.1,10.1,47.6,643.3,12.7,0.5,0.1,5.1
Fruit Smoothie,Frozen Desserts,Veg,11.34,277.8,3.4,2.2,14.7,234.3,45.3,0.0,38.0,17.1
Easy No-Bake Creamy Chocolate Mint Bars,Dessert,Veg,8.96,147.4,8.5,5.0,19.9,119.8,17.8,0.3,14.1,0.6
Cheaters Russian Khrusty,Dessert,Veg,9.96,23.5,0.1,0.0,0.4,27.1,5.2,0.1,2.5,0.5
Roasted Mahi-Mahi and Shrimp With Garlic,Mahi Mahi,Non-Veg,13.14,343.9,9.3,1.4,169.7,1230.2,32.4,3.9,4.2,31.7
Turnip and Kiwi Salad,Low Protein,Veg,5.24,95.1,2.6,0.3,0.0,83.9,17.7,3.8,11.3,1.7
Cowboy Chicken,< 4 Hours,Non-Veg,10.83,202.4,1.7,0.4,68.4,826.7,17.9,2.0,13.8,29.2
Vegan Mint Milanos,Quick Breads,Veg,6.77,214.9,12.6,4.0,0.0,64.8,25.8,2.3,9.6,3.2
Creamy Garlic Dressing,Salad Dressings,Veg,13.38,836.3,71.6,30.3,140.0,747.0,45.5,0.3,30.5,6.0
Orange Streusel Loaf Cake,Dessert,Veg,9.35,197.6,8.9,2.6,41.3,222.3,27.5,0.3,19.3,2.3
Bacalhau &agrave; Gomes De S&aacute; /Cod &amp; Potato Cape Verd,Portuguese,Non-Veg,19.08,1358.5,27.6,5.7,662.7,16066.6,106.4,13.4,8.6,164.0
Bubble and Squeak,Breakfast,Veg,6.65,118.1,5.2,1.7,7.7,108.6,15.3,2.9,3.6,3.5
Cheese Topped Beef Bake,One Dish Meal,Non-Veg,13.58,594.7,30.8,15.6,100.6,804.8,54.1,4.0,8.8,24.7
Coriander Chicken Couscous,Chicken Thigh & Leg,Non-Veg,18.76,581.7,45.4,10.3,157.9,355.0,9.7,2.5,2.8,33.8
Mashed Chipotle Sweet Potatoes,Yam/Sweet Potato,Veg,5.96,277.8,6.0,3.7,15.7,198.9,53.0,6.8,16.4,4.0
Indian-Style Red Lentil Soup,Grains,Veg,12.87,542.4,23.4,17.6,22.9,1114.2,68.4,5.5,41.9,17.1
Awesome Caramel Apple Crisp,Dessert,Veg,11.55,338.4,16.7,7.8,30.5,88.0,47.4,2.6,32.5,2.5
Bek's Spicy Tuscan Soup,Low Cholesterol,Veg,19.46,860.6,37.0,12.9,78.3,2469.8,89.0,13.5,11.6,43.8
Moroccan Turkey &quot;stewp&quot;,Stew,Non-Veg,8.83,173.5,1.2,0.2,46.9,562.5,21.5,3.9,9.6,21.1
Chocolate!  Coffee!  Cream!,Beverages,Veg,9.41,465.0,26.0,15.9,37.1,85.5,51.0,3.2,40.4,7.4
Kielbasa and Tater Tot Casserole,One Dish Meal,Non-Veg,9.79,493.0,34.5,11.9,48.4,1119.6,33.9,4.8,1.1,13.0
Mexican Mashed Potatoes With Green Chiles,Potato,Veg,6.82,204.6,10.6,6.7,30.4,394.6,21.6,2.7,1.4,6.6
Yummy Thai Noodles,Chicken Breast,Non-Veg,21.76,786.0,27.2,6.0,269.9,3078.3,95.4,7.6,9.3,42.2
Grilled Garlic Zucchini,Vegetable,Veg,5.43,196.8,18.7,2.6,0.0,16.6,7.0,2.1,5.0,2.6
Light Rye Bread Rolls (Abm),Breads,Veg,8.01,336.9,5.3,2.6,10.2,613.4,63.6,7.0,1.6,9.8
Hawaiian  Grilled Hamburgers,Lunch/Snacks,Non-Veg,14.63,674.7,40.2,14.7,119.7,757.2,44.1,2.2,22.9,34.2
Apple &amp; Almond Teacake,Dessert,Veg,9.09,286.1,16.1,8.8,87.7,112.5,32.2,1.2,18.8,4.4
Cherry Crunch Dessert,Dessert,Veg,12.81,326.1,13.8,2.6,0.0,302.6,50.4,1.7,41.6,2.5
Cheddar Cheese Soup - Canada,Cheese,Veg,15.79,577.5,44.3,23.3,118.0,1281.4,16.1,0.6,1.3,28.5
Fast Veggie Pizza,Peppers,Veg,12.39,544.4,28.6,14.2,123.2,755.5,55.8,3.7,6.7,16.0
South Beach Muffin,Quick Breads,Veg,6.71,203.0,13.7,2.4,186.2,266.9,11.5,7.1,2.8,10.8
Panackelty - My Grandma's Baked Corned Beef and Potatoes,Savory Pies,Non-Veg,11.69,446.5,16.6,5.5,83.5,1287.3,53.0,6.6,4.1,21.7
Roasted Garlic Dipping Sauce,Sauces,Veg,8.12,344.4,31.3,6.0,15.1,176.7,15.7,0.6,2.3,2.5
Ez Cook Crock-Pot Turkey Chili - No Beans,Turkey Breasts,Non-Veg,7.67,232.3,7.3,1.9,59.7,1175.5,26.2,5.8,13.1,17.6
African Chicken Curry,Curries,Non-Veg,17.0,758.4,59.8,29.8,170.1,395.1,12.0,2.3,4.0,45.8
Wilted Spinach and Balsamic Vinegar,Vegetable,Veg,6.18,152.1,10.3,4.5,23.6,317.0,11.5,1.2,7.4,4.9
"Pancetta, Tomato and Leek Tart",Breakfast,Veg,5.33,274.6,20.9,10.6,127.6,284.2,11.7,0.7,2.0,10.2
Light Buttermilk Ranch Dressing,Salad Dressings,Veg,6.0,35.0,3.2,0.8,5.1,64.9,1.1,0.0,0.3,0.3
Condiglione (Italian Tuna Salad),Tuna,Non-Veg,13.48,390.7,22.4,4.4,203.1,983.6,11.8,3.7,5.0,35.7
Middle Eastern Spiced Lamb Burger,Lunch/Snacks,Non-Veg,15.14,556.0,37.4,14.1,92.3,362.7,26.8,5.1,4.5,27.8
Citrus Spritz Pops,Ice Cream,Veg,8.52,310.5,0.0,0.0,0.0,3.4,1.2,0.0,0.8,0.1
Low Fat Blueberry Coffee Cake,Breads,Veg,18.79,2592.9,90.9,33.1,311.0,1929.4,432.6,14.9,321.9,28.4
Megans Chocolate Chip Miricle Cookies,Drop Cookies,Veg,6.85,142.4,6.1,3.6,29.7,114.0,20.6,0.3,12.6,1.5
Grandma Wendt's Almond Spritz Cookie Recipe,Dessert,Veg,13.29,663.5,38.4,23.7,139.9,509.2,73.1,1.5,30.3,7.5
Clay Pot Chicken Rice - Without the Clay Pot!,One Dish Meal,Non-Veg,9.19,369.0,0.7,0.2,0.0,1003.4,80.2,1.7,0.8,8.4
Buca Di Beppo Marinara Sauce,Low Protein,Veg,10.1,529.0,29.4,4.1,0.0,1052.2,66.1,16.3,2.4,14.3
Spinach Beef Biscuit Bake,One Dish Meal,Non-Veg,14.84,607.1,36.0,14.7,174.2,1299.4,36.5,3.2,8.1,34.5
Bailey's Milkshakes-For the Big Kids,Shakes,Veg,16.95,942.0,40.8,25.7,242.9,249.9,131.4,5.0,101.2,15.2
Carrot Zucchini Muffins,Quick Breads,Veg,5.28,158.7,4.7,2.6,25.7,228.3,26.9,1.9,10.6,3.4
Orange Cheesecake,Dessert,Veg,11.83,455.3,39.2,23.7,126.5,238.2,24.6,1.1,22.1,3.6
Easy No-Chill Sugar Cookies,Dessert,Veg,8.69,115.0,5.3,3.3,18.7,87.7,15.7,0.3,8.4,1.2
Pineapple Salsa,Low Protein,Veg,5.95,257.3,0.4,0.0,0.0,33.9,67.9,2.8,44.9,1.8
Honey-Pineapple Glazed Ham,Ham,Non-Veg,14.34,490.5,22.0,7.3,130.2,3329.2,29.9,0.2,26.2,43.9
Healthy Low-Fat Creamy Chicken Cranberry Apple Pasta,Chicken,Non-Veg,11.51,298.8,5.0,2.5,46.7,310.4,42.9,4.9,4.0,22.9
Chilled Asparagus With Lemony Garlic Dressing,Vegetable,Veg,6.98,66.0,2.3,1.3,6.2,39.8,9.1,3.8,2.8,5.1
BBQ Chicken Ranch Dip,Weeknight,Non-Veg,5.49,217.0,15.9,8.1,55.8,399.5,12.9,0.2,9.4,5.8
Taco Soup,Lunch/Snacks,Veg,8.05,219.5,4.1,1.0,26.1,735.1,32.7,7.8,2.8,16.0
Beef Stroganoff With Mushrooms and Herbs,Meat,Non-Veg,13.01,458.8,29.4,10.8,102.4,259.7,15.4,1.1,4.9,29.3
Woodland Wild Rice Side Dish,Rice,Veg,5.81,289.0,8.3,2.8,10.8,475.4,45.0,6.8,5.9,12.3
Grilled Margarita Pork Chops,Pork,Non-Veg,14.49,324.9,19.9,7.5,68.8,71.2,18.6,0.3,16.2,18.1
Green Beans With Pine Nuts,Vegetable,Veg,6.58,68.4,3.4,0.3,0.0,7.0,9.2,4.1,1.9,2.7
Glazed Ham Steak for 2,Ham,Non-Veg,16.45,674.6,34.8,3.5,51.1,10007.6,48.8,24.8,14.8,55.0
The Ultimate Coconut Scones,Scones,Veg,9.36,428.3,22.7,18.5,19.1,364.1,53.6,3.2,26.4,4.7
Kofta Korma,Moroccan,Veg,6.88,46.1,0.6,0.1,0.2,1176.1,9.9,2.2,2.8,1.6
Chicken and Chickpea Patties,Chicken,Non-Veg,12.45,153.2,2.3,0.6,59.5,201.8,14.2,2.5,0.1,18.2
The Realtor's Buttermilk  Garlic Salad Dressing,Salad Dressings,Veg,5.46,52.8,4.1,0.7,3.5,102.7,3.7,0.1,1.4,0.6
Mom's Tourti&egrave;res,Pork,Non-Veg,24.61,2644.1,179.1,69.1,457.4,1482.8,146.0,5.5,1.7,101.8
Spinach Salad with Blue Cheese,Lunch/Snacks,Veg,8.66,427.8,37.2,6.5,8.4,210.4,20.8,4.7,13.1,5.5
Easy Broccoli-Cranberry Holiday Slaw,Fruit,Veg,9.43,383.8,26.4,3.6,11.8,323.0,36.4,3.9,25.8,5.5
Door County Cherry Biscotti,Dessert,Veg,9.8,162.7,7.6,3.5,22.9,45.9,21.9,1.0,11.2,2.9
Buttercream Candy Balls,Candy,Veg,6.91,147.7,6.8,4.2,16.4,52.8,21.7,0.1,20.9,0.7
Black &amp; White Chili,Clear Soup,Veg,14.13,461.6,5.8,1.3,72.6,1607.0,56.1,20.5,4.0,46.3
Low Fat Chicken Green Chili,One Dish Meal,Non-Veg,12.29,330.8,5.4,1.1,87.2,1110.8,31.6,7.5,4.3,39.4
Pepperoni Rigatoni,One Dish Meal,Non-Veg,11.51,361.5,14.3,7.3,70.1,643.5,39.6,3.5,7.9,18.4
Sassy Pork Chops,Pork,Non-Veg,14.89,301.9,19.4,6.1,79.1,565.6,7.1,0.0,2.8,23.9
Cinnamon Swirl Raisin Bread(Cook's Country),Yeast Breads,Veg,9.66,429.4,9.7,5.2,89.0,463.7,75.7,3.0,23.3,9.9
Perfect Crispy Potatoes  (Recipe Courtesy Melissa D'arabian),Low Protein,Veg,6.56,268.9,16.6,3.6,7.6,10.0,27.9,3.5,1.2,3.3
Potato Stacks,Potato,Veg,5.71,262.6,9.1,5.6,24.0,532.8,40.3,5.1,1.8,6.4
Strawberry Cream Cheese Glaze,Dessert,Veg,8.04,272.1,20.0,11.2,63.8,187.3,21.1,0.7,19.3,3.7
Duck Key Snowbird,Low Protein,Non-Veg,5.76,208.2,0.3,0.0,0.0,2.5,26.6,0.5,22.5,1.2
Low Carb Rich Chocolate Ice Cream,Dessert,Veg,9.33,258.0,23.7,14.2,142.4,35.6,11.9,2.6,4.8,4.5
Easy Lemony Lemon Bars,Bar Cookie,Veg,8.65,317.1,13.8,8.2,88.9,106.3,45.8,0.5,30.9,3.8
*the* Cake,Quick Breads,Veg,20.42,5959.1,260.8,73.2,568.2,3981.6,845.0,27.1,484.1,94.7
Real Refried Beans,Beans,Veg,11.95,372.3,11.3,1.6,0.0,13.3,52.3,12.3,4.5,16.4
Oatmeal Cranberry White Chocolate Chunk Cookies,Drop Cookies,Veg,5.74,168.0,8.5,3.9,23.4,154.0,21.4,1.6,11.4,2.7
Spring Dijon Chicken,One Dish Meal,Non-Veg,12.88,377.3,13.7,3.7,86.4,549.4,27.4,5.0,6.0,34.3
Butter Pecan Fudge,Candy,Veg,6.55,61.0,3.5,1.5,6.8,19.7,7.8,0.2,7.4,0.2
Ultimate Chocolate Chip Pecan Cookies,Chocolate Chip Cookies,Veg,6.14,96.3,3.8,1.4,5.3,96.1,15.2,0.4,10.1,1.0
Grilled Chicken with Moroccan Paste,Chicken,Non-Veg,21.31,638.6,46.9,12.3,198.4,768.6,1.8,0.6,0.2,49.6
Quickie Chicken and Noodles,One Dish Meal,Non-Veg,12.17,301.5,17.4,6.3,76.1,1531.2,7.0,0.7,2.1,27.4
Baked Macaroni and Cheese With Ham,Ham,Non-Veg,14.28,618.9,28.4,16.6,104.4,1756.3,55.2,2.0,1.9,34.4
Potato and Okra Jhalfrezi,Potato,Veg,8.95,484.0,19.9,2.9,0.0,836.2,72.8,13.6,12.4,10.6
30-Minute Garlic-Almond Chicken Under a Brick,Chicken,Non-Veg,17.33,369.2,22.8,4.6,92.8,159.7,8.6,4.0,1.1,35.1
Snicker Doodle Bites,Dessert,Veg,9.08,76.4,1.6,0.5,1.4,49.0,15.4,0.0,13.1,0.9
Georgetown Lime Cookies (Broas),Dessert,Veg,9.83,106.2,4.7,2.9,12.2,72.3,15.5,0.3,8.9,0.9
Beef &amp; Chimichurri Sauce,Steak,Non-Veg,15.61,134.5,13.6,1.9,0.0,301.3,2.8,0.6,0.1,0.8
Laughner's Chocolate Chip Cookies,Drop Cookies,Veg,5.07,149.9,6.2,2.5,11.3,113.2,23.4,0.9,15.1,1.8
Sobo Cafe Macaroni and Cheese,Cheese,Veg,17.67,912.8,51.5,31.7,149.0,632.1,77.0,3.7,8.0,35.4
Lamb Chops for the BBQ or Grill,Lamb/Sheep,Non-Veg,30.51,961.9,84.8,32.0,185.3,308.8,6.8,0.5,4.5,41.4
The One Spinach Appetizer Puff,Spinach,Veg,6.05,24.8,0.5,0.3,8.2,61.1,3.9,0.3,0.1,1.1
Irish Soda Bread,Breads,Veg,5.48,273.1,7.8,4.7,20.3,580.6,43.4,1.4,5.0,6.9
Strawberry Sauce,Dessert,Veg,12.63,433.1,0.4,0.0,0.0,2.6,111.0,2.9,106.6,1.0
